,Name,Position,Age,Team_from,League_from,Team_to,League_to,Season,Market_value,Transfer
3467,Luis SuÃ¡rez,Centre-Forward,27,Liverpool,EPL,Barcelona,La_liga,2014,52.0,81.72
3468,James RodrÃ­guez,Attacking Midfield,23,Monaco,Ligue_1,Real Madrid,La_liga,2014,60.0,75.0
3469,Ãngel Di MarÃ­a,Right Winger,26,Real Madrid,La_liga,Manchester United,EPL,2014,50.0,75.0
3470,David Luiz,Centre-Back,27,Chelsea,EPL,Paris Saint Germain,Ligue_1,2014,26.0,49.5
3471,Alexis SÃ¡nchez,Left Winger,25,Barcelona,La_liga,Arsenal,EPL,2014,30.0,42.5
3472,Diego Costa,Centre-Forward,25,Atletico Madrid,La_liga,Chelsea,EPL,2014,35.0,38.0
3473,Luke Shaw,Left-Back,18,Southampton,EPL,Manchester United,EPL,2014,13.0,37.5
3474,Ander Herrera,Central Midfield,24,Athletic Club,La_liga,Manchester United,EPL,2014,20.0,36.0
3475,Romelu Lukaku,Centre-Forward,21,Chelsea,EPL,Everton,EPL,2014,25.0,35.36
3476,Cesc FÃ bregas,Central Midfield,27,Barcelona,La_liga,Chelsea,EPL,2014,50.0,33.0
3477,Wilfried Bony,Centre-Forward,26,Swansea,EPL,Manchester City,EPL,2014,17.0,32.3
3478,AndrÃ© SchÃ¼rrle,Left Winger,24,Chelsea,EPL,Wolfsburg,Bundesliga,2014,23.0,32.0
3479,Juan Cuadrado,Right Winger,26,Fiorentina,Serie_A,Chelsea,EPL,2014,32.0,31.0
3480,Adam Lallana,Attacking Midfield,26,Southampton,EPL,Liverpool,EPL,2014,7.5,31.0
3481,Eliaquim Mangala,Centre-Back,23,FC Porto,Liga NOS,Manchester City,EPL,2014,28.0,30.5
3482,Antoine Griezmann,Centre-Forward,23,Real Sociedad,La_liga,Atletico Madrid,La_liga,2014,30.0,30.0
3483,Medhi Benatia,Centre-Back,27,Roma,Serie_A,Bayern Munich,Bundesliga,2014,28.0,28.0
3484,Dejan Lovren,Centre-Back,25,Southampton,EPL,Liverpool,EPL,2014,12.0,25.3
3485,Toni Kroos,Central Midfield,24,Bayern Munich,Bundesliga,Real Madrid,La_liga,2014,42.0,25.0
3486,Enzo PÃ©rez,Central Midfield,28,Benfica,Liga NOS,Valencia,La_liga,2014,23.0,25.0
3487,Lazar Markovic,Right Winger,20,Benfica,Liga NOS,Liverpool,EPL,2014,10.0,25.0
3488,Juan Iturbe,Right Winger,21,Verona,Serie_A,Roma,Serie_A,2014,20.0,24.5
3489,Sadio ManÃ©,Left Winger,22,RB Salzburg,Bundesliga,Southampton,EPL,2014,7.5,23.0
3490,Mario Mandzukic,Left Winger,28,Bayern Munich,Bundesliga,Atletico Madrid,La_liga,2014,30.0,22.0
3491,Calum Chambers,Centre-Back,19,Southampton,EPL,Arsenal,EPL,2014,2.0,20.23
3492,Mario Balotelli,Centre-Forward,24,AC Milan,Serie_A,Liverpool,EPL,2014,27.0,20.0
3493,Danny Welbeck,Centre-Forward,23,Manchester United,EPL,Arsenal,EPL,2014,17.0,20.0
3494,Filipe LuÃ­s,Left-Back,28,Atletico Madrid,La_liga,Chelsea,EPL,2014,15.0,20.0
3495,JÃ©rÃ©my Mathieu,Centre-Back,30,Valencia,La_liga,Barcelona,La_liga,2014,12.0,20.0
3496,Marcos Rojo,Centre-Back,24,Sporting CP,Liga NOS,Manchester United,EPL,2014,12.0,20.0
3497,Ãlvaro Morata,Centre-Forward,21,Real Madrid,La_liga,Juventus,Serie_A,2014,12.0,20.0
3498,Thomas Vermaelen,Centre-Back,28,Arsenal,EPL,Barcelona,La_liga,2014,15.0,19.0
3499,Ciro Immobile,Centre-Forward,24,Torino,Serie_A,Borussia Dortmund,Bundesliga,2014,18.0,18.5
3500,Ivan Rakitic,Central Midfield,26,Sevilla,La_liga,Barcelona,La_liga,2014,20.0,18.0
3501,Alberto Moreno,Left-Back,22,Sevilla,La_liga,Liverpool,EPL,2014,15.0,18.0
3502,Daley Blind,Left-Back,24,AFC Ajax,Eredivisie,Manchester United,EPL,2014,12.0,17.5
3504,Jan Oblak,Goalkeeper,21,Benfica,Liga NOS,Atletico Madrid,La_liga,2014,4.0,16.0
3505,Bernardo Silva,Right Winger,20,Benfica,Liga NOS,Monaco,Ligue_1,2014,3.5,15.75
3506,Juan Iturbe,Right Winger,21,FC Porto,Liga NOS,Verona,Serie_A,2014,20.0,15.0
3507,Alessio Cerci,Right Winger,27,Torino,Serie_A,Atletico Madrid,La_liga,2014,18.0,15.0
3508,Radja Nainggolan,Central Midfield,26,Cagliari,Serie_A,Roma,Serie_A,2014,18.0,15.0
3509,Fernando,Defensive Midfield,26,FC Porto,Liga NOS,Manchester City,EPL,2014,17.5,15.0
3512,Mathieu Debuchy,Right-Back,28,Newcastle United,EPL,Arsenal,EPL,2014,10.0,15.0
3513,Gabriel Paulista,Centre-Back,24,Villarreal,La_liga,Arsenal,EPL,2014,8.0,15.0
3514,Enner Valencia,Centre-Forward,24,CF Pachuca,Liga MX Clausura,West Ham,EPL,2014,1.6,15.0
3515,Shane Long,Centre-Forward,27,Hull,EPL,Southampton,EPL,2014,6.0,14.9
3516,Hakan Calhanoglu,Left Winger,20,Hamburger SV,Bundesliga,Bayer Leverkusen,Bundesliga,2014,7.0,14.5
3517,Seydou Doumbia,Centre-Forward,27,CSKA Moscow,Premier Liga,Roma,Serie_A,2014,25.0,14.4
3518,Dusan Tadic,Attacking Midfield,25,FC Twente,Eredivisie,Southampton,EPL,2014,10.0,14.0
3519,Ryan Bertrand,Left-Back,25,Chelsea,EPL,Southampton,EPL,2014,6.0,13.34
3520,LoÃ¯c RÃ©my,Centre-Forward,27,Queens Park Rangers,EPL,Chelsea,EPL,2014,12.0,13.2
3521,Lucas Silva,Central Midfield,21,Cruzeiro,SÃ©rie A,Real Madrid,La_liga,2014,12.0,13.0
3522,Aymen Abdennour,Centre-Back,24,Toulouse,Ligue_1,Monaco,Ligue_1,2014,6.0,13.0
3523,Konstantinos Manolas,Centre-Back,23,Olympiacos,Super League,Roma,Serie_A,2014,6.0,13.0
3524,Ben Davies,Left-Back,21,Swansea,EPL,Tottenham,EPL,2014,5.5,12.65
3525,Brown Ideye,Centre-Forward,25,Dynamo Kyiv,Premier Liga,West Bromwich Albion,EPL,2014,7.0,12.63
3526,Divock Origi,Centre-Forward,19,Lille,Ligue_1,Liverpool,EPL,2014,1.0,12.63
3527,Jack Rodwell,Defensive Midfield,23,Manchester City,EPL,Sunderland,EPL,2014,12.0,12.6
3528,Manolo Gabbiadini,Centre-Forward,23,Sampdoria,Serie_A,Napoli,Serie_A,2014,12.0,12.5
3529,Fraser Forster,Goalkeeper,26,Celtic,Premiership,Southampton,EPL,2014,4.5,12.5
3530,Marc-AndrÃ© ter Stegen,Goalkeeper,22,Borussia M.Gladbach,Bundesliga,Barcelona,La_liga,2014,20.0,12.0
3531,NicolÃ¡s Otamendi,Centre-Back,26,FC Porto,Liga NOS,Valencia,La_liga,2014,12.0,12.0
3532,Kevin Kampl,Central Midfield,24,RB Salzburg,Bundesliga,Borussia Dortmund,Bundesliga,2014,9.0,12.0
3533,Emre Can,Defensive Midfield,20,Bayer Leverkusen,Bundesliga,Liverpool,EPL,2014,7.5,12.0
3534,Abel HernÃ¡ndez,Centre-Forward,24,Palermo,Serie_A,Hull,EPL,2014,5.0,12.0
3535,Claudio Bravo,Goalkeeper,31,Real Sociedad,La_liga,Barcelona,La_liga,2014,4.0,12.0
3541,Graziano PellÃ¨,Centre-Forward,29,Feyenoord,Eredivisie,Southampton,EPL,2014,6.5,11.0
3542,Steven Caulker,Centre-Back,22,Cardiff,Championship,Queens Park Rangers,EPL,2014,7.5,10.75
3543,RaÃºl JimÃ©nez,Centre-Forward,23,AmÃ©rica,Liga MX Clausura,Atletico Madrid,La_liga,2014,10.0,10.5
3544,Gylfi Sigurdsson,Attacking Midfield,24,Tottenham,EPL,Swansea,EPL,2014,8.0,10.1
3545,Leonardo Ulloa,Centre-Forward,28,Brighton,Championship,Leicester,EPL,2014,2.0,10.1
3546,Matthias Ginter,Centre-Back,20,Freiburg,Bundesliga,Borussia Dortmund,Bundesliga,2014,12.0,10.0
3547,RÃ©my Cabella,Attacking Midfield,24,Montpellier,Ligue_1,Newcastle United,EPL,2014,10.0,10.0
3548,Keylor Navas,Goalkeeper,27,Levante UD,La_liga,Real Madrid,La_liga,2014,10.0,10.0
3549,Leroy Fer,Central Midfield,24,Norwich,Championship,Queens Park Rangers,EPL,2014,8.5,10.0
3550,Guilherme Siqueira,Left-Back,28,Granada CF,La_liga,Atletico Madrid,La_liga,2014,8.0,10.0
3551,Federico Fazio,Centre-Back,27,Sevilla,La_liga,Tottenham,EPL,2014,8.0,10.0
3552,Federico FernÃ¡ndez,Centre-Back,25,Napoli,Serie_A,Swansea,EPL,2014,5.0,10.0
3553,Juan Bernat,Left-Back,21,Valencia,La_liga,Bayern Munich,Bundesliga,2014,4.0,10.0
3556,AdriÃ¡n Ramos,Centre-Forward,28,Hertha Berlin,Bundesliga,Borussia Dortmund,Bundesliga,2014,11.0,9.7
3557,Stefano Sturaro,Central Midfield,21,Genoa,Serie_A,Juventus,Serie_A,2014,3.5,9.6
3559,Xabi Alonso,Defensive Midfield,32,Real Madrid,La_liga,Bayern Munich,Bundesliga,2014,8.0,9.0
3560,Yann Sommer,Goalkeeper,25,FC Basel,Super League,Borussia M.Gladbach,Bundesliga,2014,8.0,9.0
3561,Andrej Kramaric,Centre-Forward,23,HNK Rijeka,1.HNL,Leicester,EPL,2014,4.5,9.0
3563,James McArthur,Central Midfield,26,Wigan,Championship,Crystal Palace,EPL,2014,3.0,8.8
3564,Siem de Jong,Attacking Midfield,25,AFC Ajax,Eredivisie,Newcastle United,EPL,2014,10.0,8.7
3565,Pierre-Michel Lasogga,Centre-Forward,22,Hertha Berlin,Bundesliga,Hamburger SV,Bundesliga,2014,9.0,8.5
3566,JoaquÃ­n Correa,Left Winger,20,Estudiantes,Primera DivisiÃ³n,Sampdoria,Serie_A,2014,8.0,8.4
3567,Ciro Immobile,Centre-Forward,24,Juventus,Serie_A,Torino,Serie_A,2014,18.0,8.0
3568,Shinji Kagawa,Attacking Midfield,25,Manchester United,EPL,Borussia Dortmund,Bundesliga,2014,15.0,8.0
3569,Gary Medel,Defensive Midfield,27,Cardiff,Championship,Inter,Serie_A,2014,11.0,8.0
3570,Alfred Finnbogason,Centre-Forward,25,Heerenveen,Eredivisie,Real Sociedad,La_liga,2014,9.0,8.0
3573,Shkodran Mustafi,Centre-Back,22,Sampdoria,Serie_A,Valencia,La_liga,2014,7.0,8.0
3575,Willy Caballero,Goalkeeper,32,MÃ¡laga CF,La_liga,Manchester City,EPL,2014,5.0,8.0
3578,TiemouÃ© Bakayoko,Defensive Midfield,19,Rennes,Ligue_1,Monaco,Ligue_1,2014,1.25,8.0
3579,Kalidou Koulibaly,Centre-Back,23,KRC Genk,Jupiler Pro League,Napoli,Serie_A,2014,6.5,7.75
3581,Jordon Mutch,Central Midfield,22,Cardiff,Championship,Queens Park Rangers,EPL,2014,3.0,7.57
3582,Sandro,Defensive Midfield,25,Tottenham,EPL,Queens Park Rangers,EPL,2014,11.0,7.5
3583,Cheikhou KouyatÃ©,Defensive Midfield,24,RSC Anderlecht,Jupiler Pro League,West Ham,EPL,2014,7.0,7.5
3585,Robert Snodgrass,Right Winger,26,Norwich,Championship,Hull,EPL,2014,5.5,7.5
3586,Ãngel Correa,Right Winger,19,San Lorenzo,Torneo Inicial,Atletico Madrid,La_liga,2014,5.0,7.5
3588,Mapou Yanga-Mbiwa,Centre-Back,25,Newcastle United,EPL,Roma,Serie_A,2014,6.0,7.35
3591,Nuri Sahin,Defensive Midfield,25,Real Madrid,La_liga,Borussia Dortmund,Bundesliga,2014,12.0,7.0
3592,Giacomo Bonaventura,Central Midfield,25,Atalanta,Serie_A,AC Milan,Serie_A,2014,10.0,7.0
3593,Tin Jedvaj,Centre-Back,19,Roma,Serie_A,Bayer Leverkusen,Bundesliga,2014,6.5,7.0
3594,Stefan de Vrij,Centre-Back,22,Feyenoord,Eredivisie,Lazio,Serie_A,2014,6.0,7.0
3596,Jake Livermore,Defensive Midfield,24,Tottenham,EPL,Hull,EPL,2014,2.5,7.0
3600,Josip Drmic,Centre-Forward,21,1.FC Nuremberg,2.Bundesliga,Bayer Leverkusen,Bundesliga,2014,10.0,6.8
3601,Florin Gardos,Centre-Back,25,FCS Bucharest,Liga 1,Southampton,EPL,2014,6.0,6.8
3602,Dele Alli,Attacking Midfield,18,MK Dons,League One,Tottenham,EPL,2014,2.0,6.63
3603,Kyle Naughton,Right-Back,26,Tottenham,EPL,Swansea,EPL,2014,5.0,6.6
3607,Wendell,Left-Back,20,GrÃªmio,SÃ©rie A,Bayer Leverkusen,Bundesliga,2014,3.0,6.5
3608,Callum McManaman,Right Winger,23,Wigan,Championship,West Bromwich Albion,EPL,2014,3.0,6.35
3609,Jordon Mutch,Central Midfield,23,Queens Park Rangers,EPL,Crystal Palace,EPL,2014,6.0,6.34
3610,Emmanuel RiviÃ¨re,Centre-Forward,24,Monaco,Ligue_1,Newcastle United,EPL,2014,5.0,6.32
3614,Antonio Sanabria,Centre-Forward,18,Sassuolo,Serie_A,Roma,Serie_A,2014,4.5,6.2
3616,Valon Behrami,Defensive Midfield,29,Napoli,Serie_A,Hamburger SV,Bundesliga,2014,12.0,6.0
3618,Jonathan de GuzmÃ¡n,Central Midfield,26,Villarreal,La_liga,Napoli,Serie_A,2014,10.0,6.0
3620,Michy Batshuayi,Centre-Forward,20,Standard LiÃ¨ge,Jupiler Pro League,Marseille,Ligue_1,2014,8.0,6.0
3621,ÃdÃ¡m Szalai,Centre-Forward,26,Schalke 04,Bundesliga,Hoffenheim,Bundesliga,2014,7.0,6.0
3625,Admir Mehmedi,Second Striker,23,Dynamo Kyiv,Premier Liga,Freiburg,Bundesliga,2014,5.5,6.0
3628,Daryl Janmaat,Right-Back,25,Feyenoord,Eredivisie,Newcastle United,EPL,2014,5.0,6.0
3629,Carlos SÃ¡nchez,Defensive Midfield,28,Elche CF,La_liga,Aston Villa,EPL,2014,4.0,6.0
3631,Filip Kostic,Left Winger,21,FC Groningen,Eredivisie,VfB Stuttgart,Bundesliga,2014,2.5,6.0
3633,Benjamin Stambouli,Centre-Back,24,Montpellier,Ligue_1,Tottenham,EPL,2014,5.0,5.9
3635,Ishak Belfodil,Second Striker,22,Inter,Serie_A,Parma,Serie_A,2014,7.0,5.75
3636,Eric Bailly,Centre-Back,20,Espanyol,La_liga,Villarreal,La_liga,2014,1.0,5.7
3637,Michel Vorm,Goalkeeper,30,Swansea,EPL,Tottenham,EPL,2014,7.0,5.69
3639,Luciano Vietto,Centre-Forward,20,Racing Club,Torneo Inicial,Villarreal,La_liga,2014,8.5,5.5
3640,Sime Vrsaljko,Right-Back,22,Genoa,Serie_A,Sassuolo,Serie_A,2014,7.5,5.5
3641,Oliver Baumann,Goalkeeper,24,Freiburg,Bundesliga,Hoffenheim,Bundesliga,2014,7.0,5.5
3642,Rickie Lambert,Centre-Forward,32,Southampton,EPL,Liverpool,EPL,2014,5.0,5.5
3645,Grzegorz Krychowiak,Defensive Midfield,24,Reims,Ligue_1,Sevilla,La_liga,2014,5.0,5.5
3649,Andrea Belotti,Centre-Forward,20,UC AlbinoLeffe,Serie C - A,Palermo,Serie_A,2014,2.5,5.5
3652,Pape SouarÃ©,Left-Back,24,Lille,Ligue_1,Crystal Palace,EPL,2014,3.5,5.33
3653,David LÃ³pez,Centre-Back,24,Espanyol,La_liga,Napoli,Serie_A,2014,5.0,5.3
3658,DÃ³ria,Centre-Back,19,Botafogo,SÃ©rie A,Marseille,Ligue_1,2014,8.0,5.0
3660,Papu GÃ³mez,Second Striker,26,Metalist,Premier Liga,Atalanta,Serie_A,2014,8.0,5.0
3661,Romain Alessandrini,Left Winger,25,Rennes,Ligue_1,Marseille,Ligue_1,2014,7.5,5.0
3662,Daniele Rugani,Centre-Back,20,Empoli,Serie_A,Juventus,Serie_A,2014,7.5,5.0
3666,Sergio Asenjo,Goalkeeper,25,Atletico Madrid,La_liga,Villarreal,La_liga,2014,5.0,5.0
3667,Luca Marrone,Defensive Midfield,24,Sassuolo,Serie_A,Juventus,Serie_A,2014,4.5,5.0
3672,Eric Dier,Defensive Midfield,20,Sporting CP,Liga NOS,Tottenham,EPL,2014,3.5,5.0
3673,Jefferson Montero,Left Winger,24,Morelia,Liga MX Clausura,Swansea,EPL,2014,3.3,5.0
3675,Joselu,Centre-Forward,24,Hoffenheim,Bundesliga,Hannover 96,Bundesliga,2014,3.0,5.0
3676,Diafra Sakho,Centre-Forward,24,FC Metz,Ligue_1,West Ham,EPL,2014,3.0,5.0
3677,Karl Darlow,Goalkeeper,23,Nottm Forest,Championship,Newcastle United,EPL,2014,1.0,5.0
3678,Jamaal Lascelles,Centre-Back,20,Nottm Forest,Championship,Newcastle United,EPL,2014,0.6,5.0
3681,Marco Benassi,Central Midfield,19,Inter,Serie_A,Torino,Serie_A,2014,4.0,4.8
3682,Rodrigo de Paul,Right Winger,20,Racing Club,Torneo Inicial,Valencia,La_liga,2014,3.5,4.8
3683,Muhamed Besic,Defensive Midfield,21,FerencvÃ¡ros,NB I.,Everton,EPL,2014,2.5,4.8
3685,Aaron Cresswell,Left-Back,24,Ipswich,Championship,West Ham,EPL,2014,1.5,4.75
3688,Nicolai MÃ¼ller,Right Winger,26,Mainz 05,Bundesliga,Hamburger SV,Bundesliga,2014,7.0,4.5
3689,Panagiotis Kone,Central Midfield,27,Bologna,Serie B,Udinese,Serie_A,2014,6.0,4.5
3690,Marco Parolo,Central Midfield,29,Parma,Serie_A,Lazio,Serie_A,2014,6.0,4.5
3691,Abdelaziz Barrada,Attacking Midfield,25,Al-Jazira,UAE Gulf League,Marseille,Ligue_1,2014,5.5,4.5
3692,Federico Peluso,Left-Back,30,Juventus,Serie_A,Sassuolo,Serie_A,2014,3.8,4.5
3694,Jannik Vestergaard,Centre-Back,22,Hoffenheim,Bundesliga,Werder Bremen,Bundesliga,2014,3.0,4.5
3695,Federico Bonazzoli,Centre-Forward,17,Inter,Serie_A,Sampdoria,Serie_A,2014,2.5,4.5
3696,Guilherme,Defensive Midfield,23,Corinthians,SÃ©rie A,Udinese,Serie_A,2014,2.5,4.5
3699,Mohamed DiamÃ©,Central Midfield,27,West Ham,EPL,Hull,EPL,2014,7.0,4.4
3700,Michael Dawson,Centre-Back,30,Tottenham,EPL,Hull,EPL,2014,6.5,4.4
3701,Hiroshi Kiyotake,Attacking Midfield,24,1.FC Nuremberg,2.Bundesliga,Hannover 96,Bundesliga,2014,4.5,4.3
3702,Adil Rami,Centre-Back,28,Valencia,La_liga,AC Milan,Serie_A,2014,8.0,4.25
3703,Carles Gil,Right Winger,22,Valencia,La_liga,Aston Villa,EPL,2014,6.0,4.2
3710,Valentin Stocker,Attacking Midfield,25,FC Basel,Super League,Hertha Berlin,Bundesliga,2014,7.0,4.0
3712,Esteban Granero,Central Midfield,27,Queens Park Rangers,EPL,Real Sociedad,La_liga,2014,5.0,4.0
3713,Kevin De Bruyne,Attacking Midfield,24,Wolfsburg,Bundesliga,Manchester City,EPL,2015,45.0,76.0
3714,Raheem Sterling,Right Winger,20,Liverpool,EPL,Manchester City,EPL,2015,40.0,63.7
3715,Ãngel Di MarÃ­a,Right Winger,27,Manchester United,EPL,Paris Saint Germain,Ligue_1,2015,50.0,63.0
3716,Anthony Martial,Left Winger,19,Monaco,Ligue_1,Manchester United,EPL,2015,8.0,60.0
3718,Christian Benteke,Centre-Forward,24,Aston Villa,EPL,Liverpool,EPL,2015,20.0,46.5
3719,NicolÃ¡s Otamendi,Centre-Back,27,Valencia,La_liga,Manchester City,EPL,2015,25.0,44.6
3720,Julian Draxler,Central Midfield,21,Schalke 04,Bundesliga,Wolfsburg,Bundesliga,2015,22.0,43.0
3722,Roberto Firmino,Second Striker,23,Hoffenheim,Bundesliga,Liverpool,EPL,2015,25.0,41.0
3723,Paulo Dybala,Second Striker,21,Palermo,Serie_A,Juventus,Serie_A,2015,28.0,40.0
3724,Arturo Vidal,Central Midfield,28,Juventus,Serie_A,Bayern Munich,Bundesliga,2015,42.0,37.5
3725,Jackson MartÃ­nez,Centre-Forward,28,FC Porto,Liga NOS,Atletico Madrid,La_liga,2015,35.0,37.1
3726,Geoffrey Kondogbia,Central Midfield,22,Monaco,Ligue_1,Inter,Serie_A,2015,16.0,36.0
3727,Morgan Schneiderlin,Defensive Midfield,25,Southampton,EPL,Manchester United,EPL,2015,28.0,35.0
3728,Arda Turan,Left Winger,28,Atletico Madrid,La_liga,Barcelona,La_liga,2015,35.0,34.0
3729,Memphis Depay,Left Winger,21,PSV Eindhoven,Eredivisie,Manchester United,EPL,2015,28.0,34.0
3730,Danilo,Right-Back,23,FC Porto,Liga NOS,Real Madrid,La_liga,2015,25.0,31.5
3731,Mateo Kovacic,Central Midfield,21,Inter,Serie_A,Real Madrid,La_liga,2015,22.0,31.0
3732,Carlos Bacca,Centre-Forward,28,Sevilla,La_liga,AC Milan,Serie_A,2015,25.0,30.0
3733,Douglas Costa,Right Winger,24,Shakhtar D.,Premier Liga,Bayern Munich,Bundesliga,2015,23.0,30.0
3734,Rodrigo,Centre-Forward,24,Benfica,Liga NOS,Valencia,La_liga,2015,18.0,30.0
3735,Heung-min Son,Left Winger,23,Bayer Leverkusen,Bundesliga,Tottenham,EPL,2015,16.0,30.0
3737,Ãlvaro Negredo,Centre-Forward,29,Manchester City,EPL,Valencia,La_liga,2015,18.0,28.0
3738,Pedro,Left Winger,28,Barcelona,La_liga,Chelsea,EPL,2015,20.0,27.0
3739,Alex Sandro,Left-Back,24,FC Porto,Liga NOS,Juventus,Serie_A,2015,20.0,26.0
3740,Stefan Savic,Centre-Back,24,Fiorentina,Serie_A,Atletico Madrid,La_liga,2015,15.0,25.0
3741,Layvin Kurzawa,Left-Back,22,Monaco,Ligue_1,Paris Saint Germain,Ligue_1,2015,10.0,25.0
3742,Alessio Romagnoli,Centre-Back,20,Roma,Serie_A,AC Milan,Serie_A,2015,8.5,25.0
3743,Yannick Carrasco,Left Winger,21,Monaco,Ligue_1,Atletico Madrid,La_liga,2015,9.0,24.76
3744,Giannelli Imbula,Defensive Midfield,23,FC Porto,Liga NOS,Stoke,EPL,2015,16.0,24.25
3745,Aymen Abdennour,Centre-Back,26,Monaco,Ligue_1,Valencia,La_liga,2015,10.0,22.0
3747,Mario Mandzukic,Left Winger,29,Atletico Madrid,La_liga,Juventus,Serie_A,2015,20.0,21.0
3748,Luciano Vietto,Centre-Forward,21,Villarreal,La_liga,Atletico Madrid,La_liga,2015,20.0,20.0
3749,AndrÃ© Gomes,Central Midfield,21,Benfica,Liga NOS,Valencia,La_liga,2015,20.0,20.0
3750,Andrea Bertolacci,Central Midfield,24,Roma,Serie_A,AC Milan,Serie_A,2015,15.0,20.0
3751,Georginio Wijnaldum,Central Midfield,24,PSV Eindhoven,Eredivisie,Newcastle United,EPL,2015,15.0,20.0
3753,Abdul Rahman Baba,Left-Back,21,Augsburg,Bundesliga,Chelsea,EPL,2015,10.0,20.0
3754,Ivan Perisic,Left Winger,26,Wolfsburg,Bundesliga,Inter,Serie_A,2015,13.0,19.0
3755,Aleksandar Mitrovic,Centre-Forward,20,RSC Anderlecht,Jupiler Pro League,Newcastle United,EPL,2015,11.0,18.5
3757,Florian Thauvin,Right Winger,22,Marseille,Ligue_1,Newcastle United,EPL,2015,12.0,18.35
3759,Matteo Darmian,Right-Back,25,Torino,Serie_A,Manchester United,EPL,2015,12.0,18.0
3760,Simone Zaza,Centre-Forward,24,Sassuolo,Serie_A,Juventus,Serie_A,2015,11.0,18.0
3761,Sergej Milinkovic-Savic,Central Midfield,20,KRC Genk,Jupiler Pro League,Lazio,Serie_A,2015,4.0,18.0
3762,Oumar Niasse,Centre-Forward,25,Loko Moscow,Premier Liga,Everton,EPL,2015,10.0,17.9
3763,Nathaniel Clyne,Right-Back,24,Southampton,EPL,Liverpool,EPL,2015,17.0,17.7
3764,Xherdan Shaqiri,Right Winger,23,Inter,Serie_A,Stoke,EPL,2015,17.0,17.0
3765,JosÃ© SalomÃ³n RondÃ³n,Centre-Forward,25,Zenit S-Pb,Premier Liga,West Bromwich Albion,EPL,2015,15.0,17.0
3766,Aleix Vidal,Right Winger,25,Sevilla,La_liga,Barcelona,La_liga,2015,10.0,17.0
3767,Filipe LuÃ­s,Left-Back,29,Chelsea,EPL,Atletico Madrid,La_liga,2015,15.0,16.0
3768,Toby Alderweireld,Centre-Back,26,Atletico Madrid,La_liga,Tottenham,EPL,2015,15.0,16.0
3770,Jonjo Shelvey,Central Midfield,23,Swansea,EPL,Newcastle United,EPL,2015,12.0,16.0
3771,Roberto Soldado,Centre-Forward,30,Tottenham,EPL,Villarreal,La_liga,2015,10.0,16.0
3772,Andros Townsend,Right Winger,24,Tottenham,EPL,Newcastle United,EPL,2015,8.0,15.7
3773,Virgil van Dijk,Centre-Back,24,Celtic,Premiership,Southampton,EPL,2015,5.0,15.7
3774,Roberto Pereyra,Attacking Midfield,24,Udinese,Serie_A,Juventus,Serie_A,2015,17.0,15.0
3775,Xherdan Shaqiri,Right Winger,23,Bayern Munich,Bundesliga,Inter,Serie_A,2015,17.0,15.0
3776,Asier Illarramendi,Defensive Midfield,25,Real Madrid,La_liga,Real Sociedad,La_liga,2015,15.0,15.0
3777,Dimitri Payet,Attacking Midfield,28,Marseille,Ligue_1,West Ham,EPL,2015,13.0,15.0
3778,Mario SuÃ¡rez,Defensive Midfield,28,Atletico Madrid,La_liga,Fiorentina,Serie_A,2015,10.0,15.0
3779,Jordy Clasie,Defensive Midfield,24,Feyenoord,Eredivisie,Southampton,EPL,2015,10.0,15.0
3780,JoÃ£o Cancelo,Right-Back,21,Benfica,Liga NOS,Valencia,La_liga,2015,5.0,15.0
3781,Ivan Cavaleiro,Right Winger,21,Benfica,Liga NOS,Monaco,Ligue_1,2015,3.5,15.0
3782,Clinton N'Jie,Centre-Forward,22,Lyon,Ligue_1,Tottenham,EPL,2015,5.0,14.1
3783,Petr Cech,Goalkeeper,33,Chelsea,EPL,Arsenal,EPL,2015,12.0,14.0
3785,Adama TraorÃ©,Central Midfield,20,Lille,Ligue_1,Monaco,Ligue_1,2015,1.25,14.0
3786,Yohan Cabaye,Central Midfield,29,Paris Saint Germain,Ligue_1,Crystal Palace,EPL,2015,16.0,13.9
3787,Benik Afobe,Centre-Forward,22,Wolverhampton Wanderers,Championship,Bournemouth,EPL,2015,7.0,13.3
3788,Sergi Darder,Central Midfield,21,MÃ¡laga CF,La_liga,Lyon,Ligue_1,2015,7.5,13.1
3789,Hernanes,Attacking Midfield,30,Inter,Serie_A,Juventus,Serie_A,2015,14.0,13.0
3792,Charles ArÃ¡nguiz,Central Midfield,26,Internacional,SÃ©rie A,Bayer Leverkusen,Bundesliga,2015,9.5,13.0
3793,Ramiro Funes Mori,Centre-Back,24,River Plate,Primera DivisiÃ³n,Everton,EPL,2015,6.0,12.9
3794,Mohamed Elneny,Defensive Midfield,23,FC Basel,Super League,Arsenal,EPL,2015,4.0,12.5
3796,Max Kruse,Second Striker,27,Borussia M.Gladbach,Bundesliga,Wolfsburg,Bundesliga,2015,12.0,12.0
3797,Luis Muriel,Centre-Forward,24,Udinese,Serie_A,Sampdoria,Serie_A,2015,10.0,12.0
3798,Chicharito,Centre-Forward,27,Manchester United,EPL,Bayer Leverkusen,Bundesliga,2015,10.0,12.0
3799,Chancel Mbemba,Centre-Back,20,RSC Anderlecht,Jupiler Pro League,Newcastle United,EPL,2015,8.0,12.0
3800,Jordan Ayew,Centre-Forward,23,FC Lorient,Ligue_1,Aston Villa,EPL,2015,6.0,12.0
3801,Rony Lopes,Right Winger,19,Manchester City,EPL,Monaco,Ligue_1,2015,4.5,12.0
3803,Wahbi Khazri,Attacking Midfield,24,Bordeaux,Ligue_1,Sunderland,EPL,2015,7.5,11.8
3804,Allan,Central Midfield,24,Udinese,Serie_A,Napoli,Serie_A,2015,11.5,11.5
3805,Fabian Delph,Central Midfield,25,Aston Villa,EPL,Manchester City,EPL,2015,10.0,11.5
3806,Jeremain Lens,Right Winger,27,Dynamo Kyiv,Premier Liga,Sunderland,EPL,2015,12.0,11.4
3807,Tyrone Mings,Centre-Back,22,Ipswich,Championship,Bournemouth,EPL,2015,6.0,11.3
3808,James Chester,Centre-Back,26,Hull,Championship,West Bromwich Albion,EPL,2015,2.0,11.3
3809,Gonzalo Castro,Central Midfield,28,Bayer Leverkusen,Bundesliga,Borussia Dortmund,Bundesliga,2015,14.0,11.0
3810,Asmir Begovic,Goalkeeper,28,Stoke,EPL,Chelsea,EPL,2015,12.0,11.0
3811,Ciro Immobile,Centre-Forward,25,Borussia Dortmund,Bundesliga,Sevilla,La_liga,2015,10.0,11.0
3812,Angelo Ogbonna,Centre-Back,27,Juventus,Serie_A,West Ham,EPL,2015,9.0,11.0
3813,Kevin Kampl,Central Midfield,24,Borussia Dortmund,Bundesliga,Bayer Leverkusen,Bundesliga,2015,9.0,11.0
3814,Shinji Okazaki,Centre-Forward,29,Mainz 05,Bundesliga,Leicester,EPL,2015,8.0,11.0
3816,Steven Naismith,Right Winger,29,Everton,EPL,Norwich,EPL,2015,5.0,11.0
3817,Jemerson,Centre-Back,23,AtlÃ©tico-MG,SÃ©rie A,Monaco,Ligue_1,2015,5.0,11.0
3820,Jordan Amavi,Left-Back,21,Nice,Ligue_1,Aston Villa,EPL,2015,4.0,11.0
3821,Timm Klose,Centre-Back,27,Wolfsburg,Bundesliga,Norwich,EPL,2015,3.0,11.0
3823,Fabio Borini,Left Winger,24,Liverpool,EPL,Sunderland,EPL,2015,7.0,10.7
3824,Abdoulaye DoucourÃ©,Central Midfield,23,Rennes,Ligue_1,Watford,EPL,2015,6.0,10.6
3825,Adalberto PeÃ±aranda,Centre-Forward,18,Udinese,Serie_A,Watford,EPL,2015,0.5,10.6
3826,Johannes Geis,Defensive Midfield,21,Mainz 05,Bundesliga,Schalke 04,Bundesliga,2015,11.0,10.5
3827,Ricardo Ãlvarez,Attacking Midfield,27,Inter,Serie_A,Sunderland,EPL,2015,10.0,10.5
3829,Dusan Basta,Right-Back,30,Udinese,Serie_A,Lazio,Serie_A,2015,5.5,10.5
3830,Domenico Berardi,Right Winger,20,Juventus,Serie_A,Sassuolo,Serie_A,2015,17.5,10.0
3831,Serge Aurier,Right-Back,22,Toulouse,Ligue_1,Paris Saint Germain,Ligue_1,2015,10.0,10.0
3832,Josip Drmic,Centre-Forward,22,Bayer Leverkusen,Bundesliga,Borussia M.Gladbach,Bundesliga,2015,8.0,10.0
3833,Jordan Veretout,Central Midfield,22,FC Nantes,Ligue_1,Aston Villa,EPL,2015,8.0,10.0
3834,Max Gradel,Left Winger,27,Saint-Etienne,Ligue_1,Bournemouth,EPL,2015,6.5,10.0
3835,Connor Wickham,Centre-Forward,22,Sunderland,EPL,Crystal Palace,EPL,2015,5.0,10.0
3836,Adama TraorÃ©,Right Winger,19,FC Barcelona B,2Âª B - Grupo III,Aston Villa,EPL,2015,5.0,10.0
3837,Santi Mina,Centre-Forward,19,Celta Vigo,La_liga,Valencia,La_liga,2015,4.0,10.0
3839,Robbie Brady,Left Midfield,23,Hull,Championship,Norwich,EPL,2015,2.0,9.9
3841,Matija Nastasic,Centre-Back,22,Manchester City,EPL,Schalke 04,Bundesliga,2015,14.0,9.5
3842,Kevin Trapp,Goalkeeper,25,Eintracht Frankfurt,Bundesliga,Paris Saint Germain,Ligue_1,2015,8.0,9.5
3843,Aderllan Santos,Centre-Back,26,Braga,Liga NOS,Valencia,La_liga,2015,7.5,9.5
3844,Alberto Paloschi,Centre-Forward,26,Chievo Verona,Serie_A,Swansea,EPL,2015,6.0,9.5
3845,Michail Antonio,Right Winger,25,Nottm Forest,Championship,West Ham,EPL,2015,2.5,9.5
3846,Mapou Yanga-Mbiwa,Centre-Back,26,Roma,Serie_A,Lyon,Ligue_1,2015,6.5,9.4
3848,Lewis Grabban,Centre-Forward,28,Norwich,EPL,Bournemouth,EPL,2015,3.0,9.35
3850,Gabriel Boschilia,Left Winger,19,SÃ£o Paulo,SÃ©rie A,Monaco,Ligue_1,2015,3.0,9.06
3851,Bastian Schweinsteiger,Central Midfield,30,Bayern Munich,Bundesliga,Manchester United,EPL,2015,22.0,9.0
3852,Idrissa Gueye,Central Midfield,25,Lille,Ligue_1,Aston Villa,EPL,2015,7.5,9.0
3854,N'Golo KantÃ©,Defensive Midfield,24,SM Caen,Ligue_1,Leicester,EPL,2015,4.5,9.0
3855,Guido Carrillo,Centre-Forward,24,Estudiantes,Primera DivisiÃ³n,Monaco,Ligue_1,2015,3.2,9.0
3856,Ã‰tienne Capoue,Defensive Midfield,27,Tottenham,EPL,Watford,EPL,2015,7.5,8.9
3859,JosÃ© Manuel Jurado,Attacking Midfield,29,Spartak Moscow,Premier Liga,Watford,EPL,2015,7.0,8.6
3860,Benjamin Stambouli,Centre-Back,24,Tottenham,EPL,Paris Saint Germain,Ligue_1,2015,5.0,8.6
3861,Andrea Bertolacci,Central Midfield,24,Genoa,Serie_A,Roma,Serie_A,2015,15.0,8.5
3862,Mattia Destro,Centre-Forward,24,Roma,Serie_A,Bologna,Serie_A,2015,13.0,8.5
3864,Joshua Kimmich,Right-Back,20,VfB Stuttgart,Bundesliga,Bayern Munich,Bundesliga,2015,5.0,8.5
3865,Rudy Gestede,Centre-Forward,26,Blackburn,Championship,Aston Villa,EPL,2015,3.5,8.5
3866,Nordin Amrabat,Left Winger,28,MÃ¡laga CF,La_liga,Watford,EPL,2015,6.0,8.4
3867,Matej Vydra,Centre-Forward,23,Udinese,Serie_A,Watford,EPL,2015,5.5,8.4
3868,Andrea Belotti,Centre-Forward,21,Palermo,Serie_A,Torino,Serie_A,2015,5.0,8.4
3869,Danny Ings,Centre-Forward,22,Burnley,Championship,Liverpool,EPL,2015,12.0,8.3
3870,Jonny Evans,Centre-Back,27,Manchester United,EPL,West Bromwich Albion,EPL,2015,6.0,8.3
3871,Obbi Oulare,Centre-Forward,19,Club Brugge,Jupiler Pro League,Watford,EPL,2015,5.0,8.23
3873,RaÃºl GarcÃ­a,Attacking Midfield,29,Atletico Madrid,La_liga,Athletic Club,La_liga,2015,15.0,8.0
3874,Thorgan Hazard,Left Winger,22,Chelsea,EPL,Borussia M.Gladbach,Bundesliga,2015,10.0,8.0
3876,Fernando,Defensive Midfield,23,Shakhtar D.,Premier Liga,Sampdoria,Serie_A,2015,9.0,8.0
3877,Luiz Adriano,Centre-Forward,28,Shakhtar D.,Premier Liga,AC Milan,Serie_A,2015,8.5,8.0
3878,Jeison Murillo,Centre-Back,23,Granada CF,La_liga,Inter,Serie_A,2015,8.0,8.0
3879,Samu GarcÃ­a,Right Winger,24,MÃ¡laga CF,La_liga,Villarreal,La_liga,2015,7.5,8.0
3881,Samu Castillejo,Right Winger,20,MÃ¡laga CF,La_liga,Villarreal,La_liga,2015,7.5,8.0
3882,Steven Nzonzi,Defensive Midfield,26,Stoke,EPL,Sevilla,La_liga,2015,7.5,8.0
3884,MatÃ­as Kranevitter,Defensive Midfield,22,River Plate,Primera DivisiÃ³n,Atletico Madrid,La_liga,2015,7.0,8.0
3885,Joselu,Centre-Forward,25,Hannover 96,Bundesliga,Stoke,EPL,2015,6.0,8.0
3886,Admir Mehmedi,Second Striker,24,Freiburg,2.Bundesliga,Bayer Leverkusen,Bundesliga,2015,6.0,8.0
3887,Kenedy,Left Midfield,19,Fluminense,SÃ©rie A,Chelsea,EPL,2015,6.0,8.0
3889,Jonas Hofmann,Right Winger,23,Borussia Dortmund,Bundesliga,Borussia M.Gladbach,Bundesliga,2015,4.0,8.0
3890,Alberto Grassi,Central Midfield,20,Atalanta,Serie_A,Napoli,Serie_A,2015,2.0,8.0
3891,Rolando Mandragora,Central Midfield,18,Genoa,Serie_A,Juventus,Serie_A,2015,2.0,8.0
3894,Lucas Ocampos,Left Winger,20,Monaco,Ligue_1,Marseille,Ligue_1,2015,6.5,7.5
3895,Jonathan Tah,Centre-Back,19,Hamburger SV,Bundesliga,Bayer Leverkusen,Bundesliga,2015,6.0,7.5
3896,CÃ©dric Bakambu,Centre-Forward,24,Bursaspor,SÃ¼per Lig,Villarreal,La_liga,2015,5.5,7.5
3897,Robert Beric,Centre-Forward,24,Rapid Vienna,Bundesliga,Saint-Etienne,Ligue_1,2015,3.0,7.5
3901,Jonathas,Centre-Forward,26,Elche CF,LaLiga2,Real Sociedad,La_liga,2015,6.0,7.2
3902,Patrick Roberts,Right Winger,18,Fulham,Championship,Manchester City,EPL,2015,2.5,7.2
3905,CÃ©dric Soares,Right-Back,23,Sporting CP,Liga NOS,Southampton,EPL,2015,9.5,7.0
3907,Iago Falque,Right Winger,26,Genoa,Serie_A,Roma,Serie_A,2015,8.0,7.0
3908,GÃ¶khan Inler,Defensive Midfield,31,Napoli,Serie_A,Leicester,EPL,2015,7.5,7.0
3911,Juanmi,Right Winger,22,MÃ¡laga CF,La_liga,Southampton,EPL,2015,7.0,7.0
3912,Mathew Ryan,Goalkeeper,23,Club Brugge,Jupiler Pro League,Valencia,La_liga,2015,7.0,7.0
3914,Vlad Chiriches,Centre-Back,25,Tottenham,EPL,Napoli,Serie_A,2015,6.0,7.0
3915,GrÃ©goire Defrel,Centre-Forward,24,RC Cesena,Serie B,Sassuolo,Serie_A,2015,6.0,7.0
3917,Marko Grujic,Central Midfield,19,Red Star,SuperLiga,Liverpool,EPL,2015,3.0,7.0
3918,Oriol Romeu,Defensive Midfield,23,Chelsea,EPL,Southampton,EPL,2015,2.5,7.0
3919,Yohan Benalouane,Centre-Back,28,Atalanta,Serie_A,Leicester,EPL,2015,1.3,7.0
3923,Ã‰der,Centre-Forward,27,Braga,Liga NOS,Swansea,EPL,2015,6.0,6.7
3925,Daniel Amartey,Defensive Midfield,21,FC Copenhagen,Superligaen,Leicester,EPL,2015,3.0,6.6
3929,Kyriakos Papadopoulos,Centre-Back,23,Schalke 04,Bundesliga,Bayer Leverkusen,Bundesliga,2015,7.5,6.5
3930,Lewis Holtby,Attacking Midfield,24,Tottenham,EPL,Hamburger SV,Bundesliga,2015,4.0,6.5
3932,Steven Berghuis,Right Winger,23,AZ Alkmaar,Eredivisie,Watford,EPL,2015,3.5,6.5
3933,Sidnei,Centre-Back,25,Benfica,Liga NOS,Deportivo La Coruna,La_liga,2015,3.0,6.5
3934,Lamine KonÃ©,Centre-Back,27,FC Lorient,Ligue_1,Sunderland,EPL,2015,2.5,6.5
3939,Mathieu Valbuena,Left Winger,30,Dinamo Moscow,Premier Liga,Lyon,Ligue_1,2015,11.5,6.0
3941,Franco Di Santo,Centre-Forward,26,Werder Bremen,Bundesliga,Schalke 04,Bundesliga,2015,8.5,6.0
3942,Aaron Lennon,Right Winger,28,Tottenham,EPL,Everton,EPL,2015,8.5,6.0
3943,Pedro Obiang,Central Midfield,23,Sampdoria,Serie_A,West Ham,EPL,2015,8.0,6.0
3944,Fabinho,Defensive Midfield,21,Rio Ave FC,Liga NOS,Monaco,Ligue_1,2015,8.0,6.0
3945,Kiko Casilla,Goalkeeper,28,Espanyol,La_liga,Real Madrid,La_liga,2015,7.5,6.0
3946,Kevin Wimmer,Centre-Back,22,FC Cologno,Bundesliga,Tottenham,EPL,2015,7.5,6.0
3948,Eduardo Vargas,Centre-Forward,25,Napoli,Serie_A,Hoffenheim,Bundesliga,2015,6.0,6.0
3950,Gerard Deulofeu,Right Winger,21,Barcelona,La_liga,Everton,EPL,2015,6.0,6.0
3951,Claudio Beauvue,Centre-Forward,27,Guingamp,Ligue_1,Lyon,Ligue_1,2015,5.0,6.0
3952,Bernard Mensah,Attacking Midfield,20,Vit. GuimarÃ£es,Liga NOS,Atletico Madrid,La_liga,2015,4.0,6.0
3953,Iago Aspas,Right Winger,27,Liverpool,EPL,Sevilla,La_liga,2015,4.0,6.0
3954,Daniele Baselli,Central Midfield,23,Atalanta,Serie_A,Torino,Serie_A,2015,3.8,6.0
3955,GaÃ«l Kakuta,Left Winger,24,Chelsea,EPL,Sevilla,La_liga,2015,3.5,6.0
3956,Leandro Paredes,Defensive Midfield,21,Boca Juniors,Primera DivisiÃ³n,Roma,Serie_A,2015,3.5,6.0
3958,Henri Saivet,Attacking Midfield,25,Bordeaux,Ligue_1,Newcastle United,EPL,2015,2.5,6.0
3961,Paul Pogba,Central Midfield,23,Juventus,Serie_A,Manchester United,EPL,2016,70.0,105.0
3962,Gonzalo HiguaÃ­n,Centre-Forward,28,Napoli,Serie_A,Juventus,Serie_A,2016,65.0,90.0
3965,John Stones,Centre-Back,22,Everton,EPL,Manchester City,EPL,2016,28.0,55.6
3966,Leroy SanÃ©,Left Winger,20,Schalke 04,Bundesliga,Manchester City,EPL,2016,30.0,50.5
3967,Granit Xhaka,Defensive Midfield,23,Borussia M.Gladbach,Bundesliga,Arsenal,EPL,2016,25.0,45.0
3968,Henrikh Mkhitaryan,Attacking Midfield,27,Borussia Dortmund,Bundesliga,Manchester United,EPL,2016,30.0,42.0
3969,Sadio ManÃ©,Left Winger,24,Southampton,EPL,Liverpool,EPL,2016,20.0,41.2
3970,Shkodran Mustafi,Centre-Back,24,Valencia,La_liga,Arsenal,EPL,2016,20.0,41.0
3971,JoÃ£o MÃ¡rio,Attacking Midfield,23,Sporting CP,Liga NOS,Inter,Serie_A,2016,30.0,40.0
3972,Julian Draxler,Central Midfield,23,Wolfsburg,Bundesliga,Paris Saint Germain,Ligue_1,2016,28.0,40.0
3973,Michy Batshuayi,Centre-Forward,22,Marseille,Ligue_1,Chelsea,EPL,2016,15.0,39.0
3974,Eric Bailly,Centre-Back,22,Villarreal,La_liga,Manchester United,EPL,2016,8.0,38.0
3975,AndrÃ© Gomes,Central Midfield,22,Valencia,La_liga,Barcelona,La_liga,2016,30.0,37.0
3976,N'Golo KantÃ©,Defensive Midfield,25,Leicester,EPL,Chelsea,EPL,2016,20.0,35.8
3977,Mats Hummels,Centre-Back,27,Borussia Dortmund,Bundesliga,Bayern Munich,Bundesliga,2016,32.0,35.0
3978,David Luiz,Centre-Back,29,Paris Saint Germain,Ligue_1,Chelsea,EPL,2016,28.0,35.0
3979,Moussa Sissoko,Central Midfield,27,Newcastle United,Championship,Tottenham,EPL,2016,13.0,35.0
3980,Renato Sanches,Central Midfield,18,Benfica,Liga NOS,Bayern Munich,Bundesliga,2016,10.0,35.0
3981,Miralem Pjanic,Central Midfield,26,Roma,Serie_A,Juventus,Serie_A,2016,35.0,32.0
3982,Gabriel Jesus,Centre-Forward,19,Palmeiras,SÃ©rie A,Manchester City,EPL,2016,16.0,32.0
3983,Arkadiusz Milik,Centre-Forward,22,AFC Ajax,Eredivisie,Napoli,Serie_A,2016,12.0,32.0
3984,Christian Benteke,Centre-Forward,25,Liverpool,EPL,Crystal Palace,EPL,2016,27.0,31.2
3985,Islam Slimani,Centre-Forward,28,Sporting CP,Liga NOS,Leicester,EPL,2016,22.0,30.5
3986,Ãlvaro Morata,Centre-Forward,23,Juventus,Serie_A,Real Madrid,La_liga,2016,30.0,30.0
3987,Paco AlcÃ¡cer,Centre-Forward,23,Valencia,La_liga,Barcelona,La_liga,2016,25.0,30.0
3988,KÃ©vin Gameiro,Centre-Forward,29,Sevilla,La_liga,Atletico Madrid,La_liga,2016,20.0,30.0
3989,AndrÃ© SchÃ¼rrle,Left Winger,25,Wolfsburg,Bundesliga,Borussia Dortmund,Bundesliga,2016,18.0,30.0
3990,GonÃ§alo Guedes,Left Winger,20,Benfica,Liga NOS,Paris Saint Germain,Ligue_1,2016,9.0,30.0
3991,Gabriel Barbosa,Second Striker,20,Santos FC,SÃ©rie A,Inter,Serie_A,2016,20.0,29.5
3992,Dimitri Payet,Attacking Midfield,29,West Ham,EPL,Marseille,Ligue_1,2016,30.0,29.3
3993,Yannick Bolasie,Left Winger,27,Crystal Palace,EPL,Everton,EPL,2016,14.0,28.9
3994,Grzegorz Krychowiak,Defensive Midfield,26,Sevilla,La_liga,Paris Saint Germain,Ligue_1,2016,30.0,27.5
3995,Georginio Wijnaldum,Central Midfield,25,Newcastle United,Championship,Liverpool,EPL,2016,20.0,27.5
3996,Ilkay GÃ¼ndogan,Central Midfield,25,Borussia Dortmund,Bundesliga,Manchester City,EPL,2016,30.0,27.0
3997,Nico GaitÃ¡n,Left Winger,28,Benfica,Liga NOS,Atletico Madrid,La_liga,2016,30.0,25.0
3998,Samuel Umtiti,Centre-Back,22,Lyon,Ligue_1,Barcelona,La_liga,2016,15.0,25.0
3999,JesÃ©,Left Winger,23,Real Madrid,La_liga,Paris Saint Germain,Ligue_1,2016,14.0,25.0
4000,AndrÃ© Ayew,Left Winger,26,Swansea,EPL,West Ham,EPL,2016,18.0,24.1
4001,Ezequiel Garay,Centre-Back,29,Zenit S-Pb,Premier Liga,Valencia,La_liga,2016,20.0,24.0
4002,Naby KeÃ¯ta,Central Midfield,21,RB Salzburg,Bundesliga,RasenBallsport Leipzig,Bundesliga,2016,11.0,24.0
4004,Marcos Alonso,Left-Back,25,Fiorentina,Serie_A,Chelsea,EPL,2016,9.0,23.0
4005,Marko Pjaca,Left Winger,21,Dinamo Zagreb,1.HNL,Juventus,Serie_A,2016,8.0,23.0
4006,Morgan Schneiderlin,Defensive Midfield,27,Manchester United,EPL,Everton,EPL,2016,28.0,22.9
4007,Breel Embolo,Centre-Forward,19,FC Basel,Super League,Schalke 04,Bundesliga,2016,20.0,22.5
4008,Vincent Janssen,Centre-Forward,22,AZ Alkmaar,Eredivisie,Tottenham,EPL,2016,6.0,22.1
4009,Mario GÃ¶tze,Attacking Midfield,24,Bayern Munich,Bundesliga,Borussia Dortmund,Bundesliga,2016,35.0,22.0
4010,Antonio Candreva,Right Winger,29,Lazio,Serie_A,Inter,Serie_A,2016,23.0,22.0
4013,Kevin Volland,Centre-Forward,23,Hoffenheim,Bundesliga,Bayer Leverkusen,Bundesliga,2016,17.0,20.0
4014,Didier Ndong,Central Midfield,22,FC Lorient,Rel. Ligue 1,Sunderland,EPL,2016,5.0,20.0
4015,Ahmed Musa,Centre-Forward,23,CSKA Moscow,Premier Liga,Leicester,EPL,2016,18.0,19.5
4016,Mattia Caldara,Centre-Back,22,Atalanta,Serie_A,Juventus,Serie_A,2016,8.0,19.0
4017,Sofiane Boufal,Attacking Midfield,22,Lille,Ligue_1,Southampton,EPL,2016,13.0,18.7
4018,JoaquÃ­n Correa,Left Winger,21,Sampdoria,Serie_A,Sevilla,La_liga,2016,6.5,18.2
4019,Claudio Bravo,Goalkeeper,33,Barcelona,La_liga,Manchester City,EPL,2016,15.0,18.0
4020,Nolito,Left Winger,29,Celta Vigo,La_liga,Manchester City,EPL,2016,15.0,18.0
4021,Aleksandar Dragovic,Centre-Back,25,Dynamo Kyiv,Premier Liga,Bayer Leverkusen,Bundesliga,2016,15.0,18.0
4022,Leonardo Pavoletti,Centre-Forward,28,Genoa,Serie_A,Napoli,Serie_A,2016,13.0,18.0
4023,Jordon Ibe,Right Winger,20,Liverpool,EPL,Bournemouth,EPL,2016,7.0,18.0
4025,Borja BastÃ³n,Centre-Forward,23,Atletico Madrid,La_liga,Swansea,EPL,2016,5.0,18.0
4027,Wilfred Ndidi,Defensive Midfield,20,KRC Genk,Jupiler Pro League,Leicester,EPL,2016,8.0,17.6
4028,Manolo Gabbiadini,Centre-Forward,25,Napoli,Serie_A,Southampton,EPL,2016,15.0,17.0
4029,Franco VÃ¡zquez,Attacking Midfield,27,Palermo,Serie_A,Sevilla,La_liga,2016,15.0,16.8
4030,Gerson,Right Winger,19,Fluminense,SÃ©rie A,Roma,Serie_A,2016,6.0,16.6
4031,Lucas Digne,Left-Back,22,Paris Saint Germain,Ligue_1,Barcelona,La_liga,2016,12.0,16.5
4032,Memphis Depay,Left Winger,22,Manchester United,EPL,Lyon,Ligue_1,2016,25.0,16.0
4034,Sime Vrsaljko,Right-Back,24,Sassuolo,Serie_A,Atletico Madrid,La_liga,2016,13.0,16.0
4035,Andros Townsend,Right Winger,24,Newcastle United,Championship,Crystal Palace,EPL,2016,9.0,15.6
4036,Joe Allen,Central Midfield,26,Liverpool,EPL,Stoke,EPL,2016,8.0,15.5
4037,Nampalys Mendy,Defensive Midfield,24,Nice,Ligue_1,Leicester,EPL,2016,7.5,15.5
4038,Ryan Mason,Central Midfield,25,Tottenham,EPL,Hull,EPL,2016,7.5,15.4
4040,Nacer Chadli,Left Winger,27,Tottenham,EPL,West Bromwich Albion,EPL,2016,13.0,15.2
4041,Oliver Burke,Right Winger,19,Nottm Forest,Championship,RasenBallsport Leipzig,Bundesliga,2016,0.25,15.2
4042,Robbie Brady,Left Midfield,25,Norwich,Championship,Burnley,EPL,2016,8.0,15.1
4043,Luka Milivojevic,Defensive Midfield,25,Olympiacos,Super League,Crystal Palace,EPL,2016,8.0,15.1
4044,Mohamed Salah,Right Winger,24,Chelsea,EPL,Roma,Serie_A,2016,20.0,15.0
4045,Christoph Kramer,Defensive Midfield,25,Bayer Leverkusen,Bundesliga,Borussia M.Gladbach,Bundesliga,2016,12.0,15.0
4046,Ousmane DembÃ©lÃ©,Right Winger,19,Rennes,Ligue_1,Borussia Dortmund,Bundesliga,2016,12.0,15.0
4048,Pierre-Emile HÃ¶jbjerg,Central Midfield,20,Bayern Munich,Bundesliga,Southampton,EPL,2016,6.0,15.0
4049,Djibril SidibÃ©,Right-Back,23,Lille,Ligue_1,Monaco,Ligue_1,2016,4.0,15.0
4050,Isaac Success,Left Winger,20,Granada CF,La_liga,Watford,EPL,2016,3.0,15.0
4053,Amadou Diawara,Defensive Midfield,19,Bologna,Serie_A,Napoli,Serie_A,2016,11.0,14.5
4054,Victor Wanyama,Defensive Midfield,25,Southampton,EPL,Tottenham,EPL,2016,15.0,14.4
4056,Lucas PÃ©rez,Centre-Forward,27,Deportivo La Coruna,La_liga,Arsenal,EPL,2016,12.0,14.0
4057,Piotr Zielinski,Central Midfield,22,Udinese,Serie_A,Napoli,Serie_A,2016,12.0,14.0
4058,Filip Kostic,Left Winger,23,VfB Stuttgart,2.Bundesliga,Hamburger SV,Bundesliga,2016,10.0,14.0
4059,Ashley Williams,Centre-Back,31,Swansea,EPL,Everton,EPL,2016,8.0,14.0
4060,Timo Werner,Centre-Forward,20,VfB Stuttgart,2.Bundesliga,RasenBallsport Leipzig,Bundesliga,2016,8.0,14.0
4061,Saido Berahino,Centre-Forward,23,West Bromwich Albion,EPL,Stoke,EPL,2016,15.0,13.9
4062,Jeffrey Schlupp,Left-Back,24,Leicester,EPL,Crystal Palace,EPL,2016,8.0,13.8
4063,Roberto Soriano,Left Winger,25,Sampdoria,Serie_A,Villarreal,La_liga,2016,14.0,13.75
4064,Leon Bailey,Left Winger,19,KRC Genk,Jupiler Pro League,Bayer Leverkusen,Bundesliga,2016,12.5,13.5
4065,Stevan Jovetic,Centre-Forward,27,Manchester City,EPL,Inter,Serie_A,2016,10.0,13.5
4066,Nathan Redmond,Left Winger,22,Norwich,Championship,Southampton,EPL,2016,7.5,13.5
4067,Stephan El Shaarawy,Left Winger,23,AC Milan,Serie_A,Roma,Serie_A,2016,17.0,13.0
4068,Roberto Pereyra,Attacking Midfield,25,Juventus,Serie_A,Watford,EPL,2016,16.0,13.0
4069,Nicola Sansone,Left Winger,24,Sassuolo,Serie_A,Villarreal,La_liga,2016,12.0,13.0
4070,Jasper Cillessen,Goalkeeper,27,AFC Ajax,Eredivisie,Barcelona,La_liga,2016,12.0,13.0
4071,Benjamin Mendy,Left-Back,21,Marseille,Ligue_1,Monaco,Ligue_1,2016,6.5,13.0
4072,Yannick Gerhardt,Left-Back,22,FC Cologno,Bundesliga,Wolfsburg,Bundesliga,2016,4.5,13.0
4075,Yunus Malli,Attacking Midfield,24,Mainz 05,Bundesliga,Wolfsburg,Bundesliga,2016,10.0,12.5
4076,Jannik Vestergaard,Centre-Back,23,Werder Bremen,Bundesliga,Borussia M.Gladbach,Bundesliga,2016,7.0,12.5
4078,Riechedly Bazoer,Defensive Midfield,20,AFC Ajax,Eredivisie,Wolfsburg,Bundesliga,2016,15.0,12.0
4079,Manuel Lanzini,Attacking Midfield,23,Al-Jazira,UAE Gulf League,West Ham,EPL,2016,9.0,12.0
4080,RaphaÃ«l Guerreiro,Left-Back,22,FC Lorient,Rel. Ligue 1,Borussia Dortmund,Bundesliga,2016,9.0,12.0
4081,Sebastian Rode,Central Midfield,25,Bayern Munich,Bundesliga,Borussia Dortmund,Bundesliga,2016,8.0,12.0
4085,Robert Snodgrass,Right Winger,29,Hull,EPL,West Ham,EPL,2016,5.0,12.0
4089,Jeff Hendrick,Central Midfield,24,Derby,Championship,Burnley,EPL,2016,1.5,11.8
4090,James Tomkins,Centre-Back,27,West Ham,EPL,Crystal Palace,EPL,2016,6.0,11.7
4091,Jeffrey Bruma,Centre-Back,24,PSV Eindhoven,Eredivisie,Wolfsburg,Bundesliga,2016,7.75,11.5
4093,Jake Livermore,Defensive Midfield,27,Hull,EPL,West Bromwich Albion,EPL,2016,4.5,11.5
4095,Edin Dzeko,Centre-Forward,30,Manchester City,EPL,Roma,Serie_A,2016,18.0,11.0
4097,Kamil Glik,Centre-Back,28,Torino,Serie_A,Monaco,Ligue_1,2016,10.0,11.0
4098,Georges-Kevin N'Koudou,Left Winger,21,Marseille,Ligue_1,Tottenham,EPL,2016,7.0,11.0
4099,Andrej Kramaric,Centre-Forward,25,Leicester,EPL,Hoffenheim,Bundesliga,2016,5.0,11.0
4103,Cristian Ansaldi,Left-Back,29,Genoa,Serie_A,Inter,Serie_A,2016,6.0,10.5
4104,Patrick van Aanholt,Left-Back,26,Sunderland,EPL,Crystal Palace,EPL,2016,6.0,10.5
4105,Marten de Roon,Central Midfield,25,Atalanta,Serie_A,Middlesbrough,EPL,2016,5.0,10.5
4109,Dennis Praet,Central Midfield,22,RSC Anderlecht,Jupiler Pro League,Sampdoria,Serie_A,2016,9.0,10.0
4111,Giovani Lo Celso,Central Midfield,20,CA Rosario,Primera DivisiÃ³n,Paris Saint Germain,Ligue_1,2016,7.5,10.0
4112,Lorenzo Tonelli,Centre-Back,26,Empoli,Serie_A,Napoli,Serie_A,2016,5.5,10.0
4113,Dayot Upamecano,Centre-Back,18,RB Salzburg,Bundesliga,RasenBallsport Leipzig,Bundesliga,2016,5.0,10.0
4115,Josip Brekalo,Left Winger,18,Dinamo Zagreb,1.HNL,Wolfsburg,Bundesliga,2016,1.0,10.0
4117,Ã‰der,Second Striker,29,Sampdoria,Serie_A,Inter,Serie_A,2016,12.0,9.8
4118,Mario Lemina,Defensive Midfield,22,Marseille,Ligue_1,Juventus,Serie_A,2016,4.0,9.8
4119,Emre Mor,Left Winger,18,Nordsjaelland,Superligaen,Borussia Dortmund,Bundesliga,2016,1.0,9.75
4121,Ganso,Attacking Midfield,26,SÃ£o Paulo,SÃ©rie A,Sevilla,La_liga,2016,9.0,9.5
4122,Wissam Ben Yedder,Centre-Forward,25,Toulouse,Ligue_1,Sevilla,La_liga,2016,9.0,9.5
4123,Papy Djilobodji,Centre-Back,27,Chelsea,EPL,Sunderland,EPL,2016,4.5,9.5
4124,Ciro Immobile,Centre-Forward,26,Sevilla,La_liga,Lazio,Serie_A,2016,10.0,9.45
4128,Walace,Defensive Midfield,21,GrÃªmio,SÃ©rie A,Hamburger SV,Bundesliga,2016,9.0,9.2
4129,JosÃ© Fonte,Centre-Back,33,Southampton,EPL,West Ham,EPL,2016,6.0,9.2
4132,Miranda,Centre-Back,31,Atletico Madrid,La_liga,Inter,Serie_A,2016,16.0,9.0
4133,Adem Ljajic,Attacking Midfield,24,Roma,Serie_A,Torino,Serie_A,2016,12.0,9.0
4134,Morgan Sanson,Central Midfield,22,Montpellier,Ligue_1,Marseille,Ligue_1,2016,10.0,9.0
4135,Antonio RÃ¼diger,Centre-Back,23,VfB Stuttgart,2.Bundesliga,Roma,Serie_A,2016,10.0,9.0
4136,Diego Perotti,Left Winger,27,Genoa,Serie_A,Roma,Serie_A,2016,9.5,9.0
4137,Sven Kums,Defensive Midfield,28,KAA Gent,Jupiler Pro League,Watford,EPL,2016,7.5,9.0
4138,Gianluca Lapadula,Centre-Forward,26,Pescara,Serie_A,AC Milan,Serie_A,2016,6.5,9.0
4139,Kamil Grosicki,Right Winger,28,Rennes,Ligue_1,Hull,EPL,2016,6.0,9.0
4140,Daryl Janmaat,Right-Back,27,Newcastle United,Championship,Watford,EPL,2016,7.5,8.9
4142,Ademola Lookman,Left Winger,19,Charlton,League One,Everton,EPL,2016,1.5,8.8
4143,Steven Defour,Central Midfield,28,RSC Anderlecht,Jupiler Pro League,Burnley,EPL,2016,6.0,8.6
4144,Alexander Isak,Centre-Forward,17,AIK Solna,Allsvenskan,Borussia Dortmund,Bundesliga,2016,1.75,8.6
4145,Nani,Left Winger,29,Fenerbahce,SÃ¼per Lig,Valencia,La_liga,2016,14.5,8.5
4146,Idrissa Gueye,Central Midfield,26,Aston Villa,Championship,Everton,EPL,2016,9.0,8.5
4147,Emanuel Mammana,Centre-Back,20,River Plate,Primera DivisiÃ³n,Lyon,Ligue_1,2016,7.0,8.5
4149,Jorge,Left-Back,20,Flamengo,SÃ©rie A,Monaco,Ligue_1,2016,2.5,8.5
4150,Gustavo GÃ³mez,Centre-Back,23,LanÃºs,Primera DivisiÃ³n,AC Milan,Serie_A,2016,1.75,8.5
4154,Adama TraorÃ©,Right Winger,20,Aston Villa,Championship,Middlesbrough,EPL,2016,8.0,8.25
4155,Gianluca Caprari,Second Striker,22,Pescara,Serie_A,Inter,Serie_A,2016,3.5,8.25
4159,Marc Bartra,Centre-Back,25,Barcelona,La_liga,Borussia Dortmund,Bundesliga,2016,12.0,8.0
4160,TomÃ¡s RincÃ³n,Defensive Midfield,28,Genoa,Serie_A,Juventus,Serie_A,2016,9.0,8.0
4161,RÃ©my Cabella,Attacking Midfield,26,Newcastle United,Championship,Marseille,Ligue_1,2016,8.0,8.0
4163,Benjamin Stambouli,Centre-Back,26,Paris Saint Germain,Ligue_1,Schalke 04,Bundesliga,2016,7.0,8.0
4164,Alisson,Goalkeeper,23,Internacional,SÃ©rie A,Roma,Serie_A,2016,7.0,8.0
4167,Alfred N'Diaye,Defensive Midfield,26,Real Betis,La_liga,Villarreal,La_liga,2016,3.5,8.0
4168,Wallace,Centre-Back,21,Braga,Liga NOS,Lazio,Serie_A,2016,3.5,8.0
4170,DodÃ´,Left-Back,24,Roma,Serie_A,Inter,Serie_A,2016,6.0,7.8
4171,JosÃ© Sosa,Attacking Midfield,31,Besiktas,SÃ¼per Lig,AC Milan,Serie_A,2016,8.0,7.5
4172,Max Kruse,Second Striker,28,Wolfsburg,Bundesliga,Werder Bremen,Bundesliga,2016,8.0,7.5
4173,Antonio Sanabria,Centre-Forward,20,Roma,Serie_A,Real Betis,La_liga,2016,7.5,7.5
4174,TimothÃ©e Kolodziejczak,Centre-Back,25,Sevilla,La_liga,Borussia M.Gladbach,Bundesliga,2016,7.0,7.5
4178,Cristian Espinoza,Right Winger,21,HuracÃ¡n,Primera DivisiÃ³n,Villarreal,La_liga,2016,5.0,7.2
4179,Diogo Jota,Left Winger,19,PaÃ§os Ferreira,Liga NOS,Atletico Madrid,La_liga,2016,3.0,7.2
4180,Rudy Gestede,Centre-Forward,28,Aston Villa,Championship,Middlesbrough,EPL,2016,7.0,7.1
4181,Arthur Masuaku,Left-Back,22,Olympiacos,Super League,West Ham,EPL,2016,7.0,7.1
4182,Denis Cheryshev,Left Winger,25,Real Madrid,La_liga,Villarreal,La_liga,2016,10.0,7.0
4184,GerÃ³nimo Rulli,Goalkeeper,24,Manchester City,EPL,Real Sociedad,La_liga,2016,8.0,7.0
4186,Anwar El Ghazi,Left Winger,21,AFC Ajax,Eredivisie,Lille,Ligue_1,2016,6.5,7.0
4188,Martin Hinteregger,Centre-Back,23,RB Salzburg,Bundesliga,Augsburg,Bundesliga,2016,6.0,7.0
4190,Leo BaptistÃ£o,Centre-Forward,23,Atletico Madrid,La_liga,Espanyol,La_liga,2016,4.0,7.0
4191,Lewis Cook,Central Midfield,19,Leeds,Championship,Bournemouth,EPL,2016,4.0,7.0
4194,Christian Kabasele,Centre-Back,25,KRC Genk,Jupiler Pro League,Watford,EPL,2016,6.0,6.95
4195,Patrick Bamford,Centre-Forward,23,Chelsea,EPL,Middlesbrough,EPL,2016,5.0,6.9
4202,Douglas Santos,Left-Back,22,AtlÃ©tico-MG,SÃ©rie A,Hamburger SV,Bundesliga,2016,6.0,6.5
4203,Matt Phillips,Right Winger,25,Queens Park Rangers,Championship,West Bromwich Albion,EPL,2016,6.0,6.5
4204,Hiroshi Kiyotake,Attacking Midfield,26,Hannover 96,2.Bundesliga,Sevilla,La_liga,2016,4.5,6.5
4205,Jhon CÃ³rdoba,Centre-Forward,23,Granada CF,La_liga,Mainz 05,Bundesliga,2016,3.5,6.5
4207,Simone Verdi,Right Winger,24,AC Milan,Serie_A,Bologna,Serie_A,2016,2.0,6.5
4208,Lys Mousset,Centre-Forward,20,AC Le Havre,Ligue 2,Bournemouth,EPL,2016,0.4,6.5
4209,Edimilson Fernandes,Central Midfield,20,FC Sion,Super League,West Ham,EPL,2016,4.5,6.4
4210,Loris Karius,Goalkeeper,23,Mainz 05,Bundesliga,Liverpool,EPL,2016,7.0,6.2
4211,Neymar,Left Winger,25,Barcelona,La_liga,Paris Saint Germain,Ligue_1,2017,100.0,222.0
4212,Philippe Coutinho,Attacking Midfield,25,Liverpool,EPL,Barcelona,La_liga,2017,90.0,125.0
4213,Ousmane DembÃ©lÃ©,Right Winger,20,Borussia Dortmund,Bundesliga,Barcelona,La_liga,2017,33.0,115.0
4214,Romelu Lukaku,Centre-Forward,24,Everton,EPL,Manchester United,EPL,2017,50.0,84.7
4215,Virgil van Dijk,Centre-Back,26,Southampton,EPL,Liverpool,EPL,2017,30.0,78.8
4216,Diego Costa,Centre-Forward,29,Chelsea,EPL,Atletico Madrid,La_liga,2017,50.0,66.0
4217,Ãlvaro Morata,Centre-Forward,24,Real Madrid,La_liga,Chelsea,EPL,2017,40.0,66.0
4218,Aymeric Laporte,Centre-Back,23,Athletic Club,La_liga,Manchester City,EPL,2017,25.0,65.0
4219,Pierre-Emerick Aubameyang,Centre-Forward,28,Borussia Dortmund,Bundesliga,Arsenal,EPL,2017,65.0,63.75
4220,Benjamin Mendy,Left-Back,23,Monaco,Ligue_1,Manchester City,EPL,2017,13.0,57.5
4221,Alexandre Lacazette,Centre-Forward,26,Lyon,Ligue_1,Arsenal,EPL,2017,40.0,53.0
4222,Kyle Walker,Right-Back,27,Tottenham,EPL,Manchester City,EPL,2017,30.0,52.7
4223,Bernardo Silva,Right Winger,22,Monaco,Ligue_1,Manchester City,EPL,2017,40.0,50.0
4224,Gylfi Sigurdsson,Attacking Midfield,27,Swansea,EPL,Everton,EPL,2017,25.0,49.4
4225,Nemanja Matic,Defensive Midfield,29,Chelsea,EPL,Manchester United,EPL,2017,35.0,44.7
4226,Leonardo Bonucci,Centre-Back,30,Juventus,Serie_A,AC Milan,Serie_A,2017,45.0,42.0
4227,Mohamed Salah,Right Winger,25,Roma,Serie_A,Liverpool,EPL,2017,35.0,42.0
4228,Corentin Tolisso,Central Midfield,22,Lyon,Ligue_1,Bayern Munich,Bundesliga,2017,22.0,41.5
4229,Federico Bernardeschi,Right Winger,23,Fiorentina,Serie_A,Juventus,Serie_A,2017,30.0,40.0
4231,Ederson,Goalkeeper,23,Benfica,Liga NOS,Manchester City,EPL,2017,22.0,40.0
4232,TiemouÃ© Bakayoko,Defensive Midfield,22,Monaco,Ligue_1,Chelsea,EPL,2017,16.0,40.0
4233,Paulinho,Central Midfield,29,GZ Evergrande,Super League,Barcelona,La_liga,2017,15.0,40.0
4234,Davinson SÃ¡nchez,Centre-Back,21,AFC Ajax,Eredivisie,Tottenham,EPL,2017,12.0,40.0
4235,AndrÃ© Silva,Centre-Forward,21,FC Porto,Liga NOS,AC Milan,Serie_A,2017,22.0,38.0
4236,Alex Oxlade-Chamberlain,Right Midfield,24,Arsenal,EPL,Liverpool,EPL,2017,22.0,38.0
4237,Danny Drinkwater,Central Midfield,27,Leicester,EPL,Chelsea,EPL,2017,9.0,37.9
4238,Vitolo,Left Winger,27,Sevilla,La_liga,Atletico Madrid,La_liga,2017,25.0,36.0
4239,Antonio RÃ¼diger,Centre-Back,24,Roma,Serie_A,Chelsea,EPL,2017,25.0,35.0
4240,Victor LindelÃ¶f,Centre-Back,22,Benfica,Liga NOS,Manchester United,EPL,2017,22.0,35.0
4241,IÃ±igo MartÃ­nez,Centre-Back,26,Real Sociedad,La_liga,Athletic Club,La_liga,2017,25.0,32.0
4242,NÃ©lson Semedo,Right-Back,23,Benfica,Liga NOS,Barcelona,La_liga,2017,20.0,30.57
4244,Keita BaldÃ©,Left Winger,22,Lazio,Serie_A,Monaco,Ligue_1,2017,25.0,30.0
4245,Danilo,Right-Back,26,Real Madrid,La_liga,Manchester City,EPL,2017,16.0,30.0
4246,Michael Keane,Centre-Back,24,Burnley,EPL,Everton,EPL,2017,18.0,28.5
4247,Jordan Pickford,Goalkeeper,23,Sunderland,Championship,Everton,EPL,2017,15.0,28.5
4248,Lucas Moura,Right Winger,25,Paris Saint Germain,Ligue_1,Tottenham,EPL,2017,28.0,28.4
4249,Mamadou Sakho,Centre-Back,27,Liverpool,EPL,Crystal Palace,EPL,2017,15.0,28.2
4250,Kelechi Iheanacho,Centre-Forward,20,Manchester City,EPL,Leicester,EPL,2017,15.0,27.7
4251,Davy Klaassen,Attacking Midfield,24,AFC Ajax,Eredivisie,Everton,EPL,2017,18.0,27.0
4252,Milan Skriniar,Centre-Back,22,Sampdoria,Serie_A,Inter,Serie_A,2017,7.0,27.0
4253,Youri Tielemans,Central Midfield,20,RSC Anderlecht,Jupiler Pro League,Monaco,Ligue_1,2017,22.0,25.0
4254,Andriy Yarmolenko,Right Winger,27,Dynamo Kyiv,Premier Liga,Borussia Dortmund,Bundesliga,2017,18.0,25.0
4255,Serge Aurier,Right-Back,24,Paris Saint Germain,Ligue_1,Tottenham,EPL,2017,15.0,25.0
4256,Davide Zappacosta,Right-Back,25,Torino,Serie_A,Chelsea,EPL,2017,8.5,25.0
4257,Adrien Silva,Central Midfield,28,Sporting CP,Liga NOS,Leicester,EPL,2017,25.0,24.5
4258,Theo HernÃ¡ndez,Left-Back,19,Atletico Madrid,La_liga,Real Madrid,La_liga,2017,15.0,24.0
4259,MatÃ­as Vecino,Central Midfield,25,Fiorentina,Serie_A,Inter,Serie_A,2017,13.0,24.0
4260,Lucas Alario,Centre-Forward,24,River Plate,Primera DivisiÃ³n,Bayer Leverkusen,Bundesliga,2017,12.0,24.0
4261,Andrea Conti,Right-Back,23,Atalanta,Serie_A,AC Milan,Serie_A,2017,10.0,24.0
4263,AndrÃ© Ayew,Left Winger,28,West Ham,EPL,Swansea,EPL,2017,18.0,22.8
4264,Nathan AkÃ©,Centre-Back,22,Chelsea,EPL,Bournemouth,EPL,2017,8.0,22.8
4265,Theo Walcott,Right Winger,28,Arsenal,EPL,Everton,EPL,2017,20.0,22.5
4266,Cenk Tosun,Centre-Forward,26,Besiktas,SÃ¼per Lig,Everton,EPL,2017,10.5,22.5
4267,Marko Arnautovic,Left Winger,28,Stoke,EPL,West Ham,EPL,2017,15.0,22.3
4268,Hakan Calhanoglu,Left Winger,23,Bayer Leverkusen,Bundesliga,AC Milan,Serie_A,2017,20.0,22.0
4269,Guido Carrillo,Centre-Forward,26,Monaco,Ligue_1,Southampton,EPL,2017,6.0,22.0
4270,Luis Muriel,Centre-Forward,26,Sampdoria,Serie_A,Sevilla,La_liga,2017,17.0,21.5
4271,Manuel Akanji,Centre-Back,22,FC Basel,Super League,Borussia Dortmund,Bundesliga,2017,5.0,21.5
4272,Kingsley Coman,Left Winger,21,Juventus,Serie_A,Bayern Munich,Bundesliga,2017,20.0,21.0
4273,Pietro Pellegri,Centre-Forward,16,Genoa,Serie_A,Monaco,Ligue_1,2017,8.0,21.0
4274,Andre Gray,Centre-Forward,26,Burnley,EPL,Watford,EPL,2017,10.0,20.4
4275,Blaise Matuidi,Central Midfield,30,Paris Saint Germain,Ligue_1,Juventus,Serie_A,2017,30.0,20.0
4276,Juan Cuadrado,Right Winger,29,Chelsea,EPL,Juventus,Serie_A,2017,25.0,20.0
4277,Niklas SÃ¼le,Centre-Back,21,Hoffenheim,Bundesliga,Bayern Munich,Bundesliga,2017,25.0,20.0
4278,Roberto Gagliardini,Central Midfield,23,Atalanta,Serie_A,Inter,Serie_A,2017,20.0,20.0
4279,Kevin Kampl,Central Midfield,26,Bayer Leverkusen,Bundesliga,RasenBallsport Leipzig,Bundesliga,2017,15.0,20.0
4280,Maximilian Philipp,Left Winger,23,Freiburg,Bundesliga,Borussia Dortmund,Bundesliga,2017,15.0,20.0
4282,Emerson,Left-Back,23,Roma,Serie_A,Chelsea,EPL,2017,14.0,20.0
4283,Nikola Maksimovic,Centre-Back,25,Torino,Serie_A,Napoli,Serie_A,2017,10.0,20.0
4284,Dalbert,Left-Back,23,Nice,Ligue_1,Inter,Serie_A,2017,5.0,20.0
4285,Kevin Wimmer,Centre-Back,24,Tottenham,EPL,Stoke,EPL,2017,7.0,19.4
4286,Nabil Bentaleb,Defensive Midfield,22,Tottenham,EPL,Schalke 04,Bundesliga,2017,18.0,19.0
4287,Mateo Musacchio,Centre-Back,26,Villarreal,La_liga,AC Milan,Serie_A,2017,18.0,18.0
4289,Chicharito,Centre-Forward,29,Bayer Leverkusen,Bundesliga,West Ham,EPL,2017,18.0,17.8
4290,Panagiotis Retsos,Centre-Back,19,Olympiacos,Super League,Bayer Leverkusen,Bundesliga,2017,5.0,17.5
4292,Lucas Biglia,Defensive Midfield,31,Lazio,Serie_A,AC Milan,Serie_A,2017,20.0,17.0
4293,Olivier Giroud,Centre-Forward,31,Arsenal,EPL,Chelsea,EPL,2017,20.0,17.0
4294,Medhi Benatia,Centre-Back,30,Bayern Munich,Bundesliga,Juventus,Serie_A,2017,15.0,17.0
4295,Matthias Ginter,Centre-Back,23,Borussia Dortmund,Bundesliga,Borussia M.Gladbach,Bundesliga,2017,15.0,17.0
4296,John Anthony Brooks,Centre-Back,24,Hertha Berlin,Bundesliga,Wolfsburg,Bundesliga,2017,14.0,17.0
4297,JÃ¼rgen Locadia,Centre-Forward,24,PSV Eindhoven,Eredivisie,Brighton,EPL,2017,8.5,17.0
4298,Mario Lemina,Defensive Midfield,23,Juventus,Serie_A,Southampton,EPL,2017,7.5,17.0
4299,Jhon CÃ³rdoba,Centre-Forward,24,Mainz 05,Bundesliga,FC Cologno,Bundesliga,2017,7.0,17.0
4300,IsmaÃ¯la Sarr,Left Winger,19,FC Metz,Ligue_1,Rennes,Ligue_1,2017,2.5,17.0
4301,Ross Barkley,Attacking Midfield,24,Everton,EPL,Chelsea,EPL,2017,25.0,16.9
4302,Dani Ceballos,Central Midfield,20,Real Betis,La_liga,Real Madrid,La_liga,2017,10.0,16.5
4303,Wesley Hoedt,Centre-Back,23,Lazio,Serie_A,Southampton,EPL,2017,7.5,16.4
4304,Chris Wood,Centre-Forward,25,Leeds,Championship,Burnley,EPL,2017,6.0,16.4
4305,Sam Clucas,Left Midfield,26,Hull,Championship,Swansea,EPL,2017,2.5,16.3
4306,Simone Zaza,Centre-Forward,26,Juventus,Serie_A,Valencia,La_liga,2017,15.0,16.0
4307,Yuri Berchiche,Left-Back,27,Real Sociedad,La_liga,Paris Saint Germain,Ligue_1,2017,10.0,16.0
4309,Badou Ndiaye,Central Midfield,27,Galatasaray,SÃ¼per Lig,Stoke,EPL,2017,7.0,16.0
4310,Jean-KÃ©vin Augustin,Centre-Forward,20,Paris Saint Germain,Ligue_1,RasenBallsport Leipzig,Bundesliga,2017,3.0,16.0
4311,Oliver Burke,Right Winger,20,RasenBallsport Leipzig,Bundesliga,West Bromwich Albion,EPL,2017,7.0,15.2
4312,Fernando Llorente,Centre-Forward,32,Swansea,EPL,Tottenham,EPL,2017,6.0,15.1
4313,Ricardo RodrÃ­guez,Left-Back,24,Wolfsburg,Bundesliga,AC Milan,Serie_A,2017,17.0,15.0
4314,JosÃ© Izquierdo,Left Winger,25,Club Brugge,Jupiler Pro League,Brighton,EPL,2017,14.0,15.0
4315,Konstantinos Mitroglou,Centre-Forward,29,Benfica,Liga NOS,Marseille,Ligue_1,2017,12.0,15.0
4316,Terence Kongolo,Centre-Back,23,Feyenoord,Eredivisie,Monaco,Ligue_1,2017,10.0,15.0
4317,Giovanni Simeone,Centre-Forward,22,Genoa,Serie_A,Fiorentina,Serie_A,2017,10.0,15.0
4318,Vicente Iborra,Defensive Midfield,29,Sevilla,La_liga,Leicester,EPL,2017,9.0,15.0
4320,Gianluca Caprari,Second Striker,23,Inter,Serie_A,Sampdoria,Serie_A,2017,6.0,15.0
4321,Francis Coquelin,Defensive Midfield,26,Arsenal,EPL,Valencia,La_liga,2017,12.0,14.0
4322,Enes Ãœnal,Centre-Forward,20,Manchester City,EPL,Villarreal,La_liga,2017,10.0,14.0
4323,RÃºben Semedo,Centre-Back,23,Sporting CP,Liga NOS,Villarreal,La_liga,2017,9.0,14.0
4324,Rick Karsdorp,Right-Back,22,Feyenoord,Eredivisie,Roma,Serie_A,2017,9.0,14.0
4325,Thiago Maia,Central Midfield,20,Santos FC,SÃ©rie A,Lille,Ligue_1,2017,3.0,14.0
4326,Jay RodrÃ­guez,Centre-Forward,27,Southampton,EPL,West Bromwich Albion,EPL,2017,10.0,13.7
4327,Harry Maguire,Centre-Back,24,Hull,Championship,Leicester,EPL,2017,8.0,13.7
4328,Marten de Roon,Central Midfield,26,Middlesbrough,Championship,Atalanta,Serie_A,2017,10.0,13.5
4329,Cengiz Ãœnder,Right Winger,20,Basaksehir,SÃ¼per Lig,Roma,Serie_A,2017,5.0,13.4
4330,Wilfried Bony,Centre-Forward,28,Manchester City,EPL,Swansea,EPL,2017,18.0,13.0
4331,Bruma,Left Winger,22,Galatasaray,SÃ¼per Lig,RasenBallsport Leipzig,Bundesliga,2017,11.0,13.0
4332,Marko Rog,Central Midfield,21,Dinamo Zagreb,1.HNL,Napoli,Serie_A,2017,10.0,13.0
4333,Davy PrÃ¶pper,Central Midfield,25,PSV Eindhoven,Eredivisie,Brighton,EPL,2017,10.0,13.0
4334,Sandro Wagner,Centre-Forward,30,Hoffenheim,Bundesliga,Bayern Munich,Bundesliga,2017,9.0,13.0
4335,Steve MouniÃ©,Centre-Forward,22,Montpellier,Ligue_1,Huddersfield,EPL,2017,5.5,13.0
4336,Emre Mor,Left Winger,20,Borussia Dortmund,Bundesliga,Celta Vigo,La_liga,2017,5.0,13.0
4337,Juan Foyth,Centre-Back,19,Estudiantes,Primera DivisiÃ³n,Tottenham,EPL,2017,,13.0
4338,Roque Mesa,Central Midfield,28,UD Las Palmas,La_liga,Swansea,EPL,2017,12.0,12.5
4339,Bruno Peres,Right-Back,27,Torino,Serie_A,Roma,Serie_A,2017,11.0,12.5
4340,Simon KjÃ¦r,Centre-Back,28,Fenerbahce,SÃ¼per Lig,Sevilla,La_liga,2017,11.0,12.5
4341,Yevhen Konoplyanka,Left Winger,27,Sevilla,La_liga,Schalke 04,Bundesliga,2017,10.0,12.5
4342,Sven Bender,Centre-Back,28,Borussia Dortmund,Bundesliga,Bayer Leverkusen,Bundesliga,2017,7.0,12.5
4343,Richarlison,Left Winger,20,Fluminense,SÃ©rie A,Watford,EPL,2017,2.0,12.4
4344,Alex Pritchard,Attacking Midfield,24,Norwich,Championship,Huddersfield,EPL,2017,5.0,12.35
4346,Wojciech Szczesny,Goalkeeper,27,Arsenal,EPL,Juventus,Serie_A,2017,17.0,12.2
4347,Ã–mer Toprak,Centre-Back,27,Bayer Leverkusen,Bundesliga,Borussia Dortmund,Bundesliga,2017,16.0,12.0
4348,Mahmoud Dahoud,Central Midfield,21,Borussia M.Gladbach,Bundesliga,Borussia Dortmund,Bundesliga,2017,15.0,12.0
4349,Gerard Deulofeu,Right Winger,23,Everton,EPL,Barcelona,La_liga,2017,12.0,12.0
4350,Pablo Fornals,Attacking Midfield,21,MÃ¡laga CF,La_liga,Villarreal,La_liga,2017,10.0,12.0
4351,Mattia De Sciglio,Right-Back,24,AC Milan,Serie_A,Juventus,Serie_A,2017,8.5,12.0
4353,Denis Zakaria,Defensive Midfield,20,BSC Young Boys,Super League,Borussia M.Gladbach,Bundesliga,2017,4.0,12.0
4355,Douglas Luiz,Central Midfield,19,Vasco da Gama,SÃ©rie A,Manchester City,EPL,2017,,12.0
4356,Yerry Mina,Centre-Back,23,Palmeiras,SÃ©rie A,Barcelona,La_liga,2017,9.0,11.8
4358,Asmir Begovic,Goalkeeper,30,Chelsea,EPL,Bournemouth,EPL,2017,8.0,11.5
4361,Jacob Murphy,Right Winger,22,Norwich,Championship,Newcastle United,EPL,2017,1.0,11.3
4362,Florian Thauvin,Right Winger,24,Newcastle United,EPL,Marseille,Ligue_1,2017,18.0,11.0
4363,Gabriel Paulista,Centre-Back,26,Arsenal,EPL,Valencia,La_liga,2017,13.0,11.0
4364,Martin Terrier,Left Winger,20,Lille,Ligue_1,Lyon,Ligue_1,2017,12.0,11.0
4365,Guilherme Arana,Left-Back,20,Corinthians,SÃ©rie A,Sevilla,La_liga,2017,10.0,11.0
4366,Stevan Jovetic,Centre-Forward,27,Inter,Serie_A,Monaco,Ligue_1,2017,10.0,11.0
4369,Nikola Vlasic,Attacking Midfield,19,Hajduk Split,1.HNL,Everton,EPL,2017,4.0,10.8
4370,Marc Bartra,Centre-Back,27,Borussia Dortmund,Bundesliga,Real Betis,La_liga,2017,15.0,10.5
4371,Rodrigo Bentancur,Central Midfield,20,Boca Juniors,Primera DivisiÃ³n,Juventus,Serie_A,2017,6.0,10.5
4372,Luiz AraÃºjo,Right Winger,21,SÃ£o Paulo,SÃ©rie A,Lille,Ligue_1,2017,0.5,10.5
4373,Jordan Hugill,Centre-Forward,25,Preston NE,Championship,West Ham,EPL,2017,3.0,10.2
4374,Luiz Gustavo,Defensive Midfield,29,Wolfsburg,Bundesliga,Marseille,Ligue_1,2017,12.0,10.0
4375,Lorenzo Pellegrini,Central Midfield,21,Sassuolo,Serie_A,Roma,Serie_A,2017,12.0,10.0
4376,Ignacio Camacho,Defensive Midfield,27,MÃ¡laga CF,La_liga,Wolfsburg,Bundesliga,2017,10.0,10.0
4377,Marco Benassi,Central Midfield,22,Torino,Serie_A,Fiorentina,Serie_A,2017,9.5,10.0
4378,Diafra Sakho,Centre-Forward,28,West Ham,EPL,Rennes,Ligue_1,2017,8.0,10.0
4379,Bertrand TraorÃ©,Right Winger,21,Chelsea,EPL,Lyon,Ligue_1,2017,8.0,10.0
4380,Landry Dimata,Centre-Forward,19,KV Oostende,Jupiler Pro League,Wolfsburg,Bundesliga,2017,6.5,10.0
4381,Florian Lejeune,Centre-Back,26,SD Eibar,La_liga,Newcastle United,EPL,2017,5.0,10.0
4382,Roberto Inglese,Centre-Forward,25,Chievo Verona,Serie_A,Napoli,Serie_A,2017,4.5,10.0
4383,Adam Ounas,Left Winger,20,Bordeaux,Ligue_1,Napoli,Serie_A,2017,4.0,10.0
4384,LoÃ¯s Diony,Centre-Forward,24,Dijon,Ligue_1,Saint-Etienne,Ligue_1,2017,3.0,10.0
4385,Nicolas PÃ©pÃ©,Right Winger,22,SCO Angers,Ligue_1,Lille,Ligue_1,2017,3.0,10.0
4386,Allan Saint-Maximin,Right Winger,20,Monaco,Ligue_1,Nice,Ligue_1,2017,3.0,10.0
4387,Adama Diakhaby,Centre-Forward,21,Rennes,Ligue_1,Monaco,Ligue_1,2017,1.5,10.0
4388,Pape Cheikh,Central Midfield,20,Celta Vigo,La_liga,Lyon,Ligue_1,2017,0.8,10.0
4391,Tom Cleverley,Central Midfield,27,Everton,EPL,Watford,EPL,2017,8.0,9.3
4393,Will Hughes,Central Midfield,22,Derby,Championship,Watford,EPL,2017,8.0,9.1
4394,Tom Ince,Right Winger,25,Derby,Championship,Huddersfield,EPL,2017,7.0,9.1
4395,Aaron Mooy,Central Midfield,26,Manchester City,EPL,Huddersfield,EPL,2017,5.0,9.1
4396,Jack Cork,Defensive Midfield,28,Swansea,EPL,Burnley,EPL,2017,5.0,9.1
4397,Jonathas,Centre-Forward,28,Rubin Kazan,Premier Liga,Hannover 96,Bundesliga,2017,7.0,9.0
4399,Andrew Robertson,Left-Back,23,Hull,Championship,Liverpool,EPL,2017,7.0,9.0
4400,GastÃ³n RamÃ­rez,Attacking Midfield,26,Middlesbrough,Championship,Sampdoria,Serie_A,2017,6.0,9.0
4401,Jairo Riedewald,Centre-Back,20,AFC Ajax,Eredivisie,Crystal Palace,EPL,2017,5.0,9.0
4402,Thiago Mendes,Defensive Midfield,25,SÃ£o Paulo,SÃ©rie A,Lille,Ligue_1,2017,3.5,9.0
4403,KÃ©vin Malcuit,Right-Back,25,Saint-Etienne,Ligue_1,Lille,Ligue_1,2017,3.0,9.0
4405,Guido Pizarro,Defensive Midfield,27,Tigres UANL,Liga MX Clausura,Sevilla,La_liga,2017,4.0,8.7
4406,Adnan Januzaj,Right Winger,22,Manchester United,EPL,Real Sociedad,La_liga,2017,7.0,8.5
4407,Serge Gnabry,Left Winger,21,Werder Bremen,Bundesliga,Bayern Munich,Bundesliga,2017,15.0,8.0
4408,ValÃ¨re Germain,Centre-Forward,27,Monaco,Ligue_1,Marseille,Ligue_1,2017,10.0,8.0
4409,Juan Jesus,Centre-Back,26,Inter,Serie_A,Roma,Serie_A,2017,7.5,8.0
4410,Soualiho MeÃ¯tÃ©,Defensive Midfield,23,Zulte Waregem,Jupiler Pro League,Monaco,Ligue_1,2017,7.0,8.0
4412,Henry Onyekuru,Left Winger,20,KAS Eupen,Jupiler Pro League,Everton,EPL,2017,7.0,8.0
4415,Davie Selke,Centre-Forward,22,RasenBallsport Leipzig,Bundesliga,Hertha Berlin,Bundesliga,2017,6.0,8.0
4416,Nicolas de PrÃ©ville,Centre-Forward,26,Lille,Ligue_1,Bordeaux,Ligue_1,2017,5.5,8.0
4417,Havard Nordtveit,Centre-Back,27,West Ham,EPL,Hoffenheim,Bundesliga,2017,5.0,8.0
4418,Mariano DÃ­az,Centre-Forward,23,Real Madrid,La_liga,Lyon,Ligue_1,2017,5.0,8.0
4419,Vitor Hugo,Centre-Back,26,Palmeiras,SÃ©rie A,Fiorentina,Serie_A,2017,4.5,8.0
4421,Admir Mehmedi,Second Striker,26,Bayer Leverkusen,Bundesliga,Wolfsburg,Bundesliga,2017,3.5,8.0
4424,Amine Harit,Attacking Midfield,20,FC Nantes,Ligue_1,Schalke 04,Bundesliga,2017,2.0,8.0
4425,Alessandro Bastoni,Centre-Back,18,Atalanta,Serie_A,Inter,Serie_A,2017,1.5,8.0
4426,Rafik Guitane,Attacking Midfield,18,AC Le Havre,Ligue 2,Rennes,Ligue_1,2017,0.15,8.0
4427,Jadon Sancho,Left Winger,17,Man City U18,U18 Premier League,Borussia Dortmund,Bundesliga,2017,,7.84
4428,Alexander SÃ¶rloth,Centre-Forward,22,FC Midtjylland,Superligaen Championship round,Crystal Palace,EPL,2017,2.0,7.8
4429,Bruno Martins Indi,Centre-Back,25,FC Porto,Liga NOS,Stoke,EPL,2017,11.0,7.7
4430,Filippo Romagna,Centre-Back,20,Juventus,Serie_A,Cagliari,Serie_A,2017,1.0,7.6
4431,Jonathan CafÃº,Right Winger,26,Ludogorets,A Grupa - Championship gr.,Bordeaux,Ligue_1,2017,10.0,7.5
4432,Kieran Gibbs,Left-Back,27,Arsenal,EPL,West Bromwich Albion,EPL,2017,10.0,7.5
4435,Christian Atsu,Left Winger,25,Chelsea,EPL,Newcastle United,EPL,2017,5.0,7.5
4439,Santiago AscacÃ­bar,Defensive Midfield,20,Estudiantes,Primera DivisiÃ³n,VfB Stuttgart,Bundesliga,2017,7.5,7.2
4440,Yuning Zhang,Centre-Forward,20,Vitesse,Eredivisie,West Bromwich Albion,EPL,2017,0.7,7.2
4443,Ã‰ver Banega,Central Midfield,29,Inter,Serie_A,Sevilla,La_liga,2017,16.0,7.0
4444,Nolito,Left Winger,30,Manchester City,EPL,Sevilla,La_liga,2017,12.0,7.0
4445,Ryad Boudebouz,Attacking Midfield,27,Montpellier,Ligue_1,Real Betis,La_liga,2017,10.0,7.0
4447,Jordan Veretout,Central Midfield,24,Aston Villa,Championship,Fiorentina,Serie_A,2017,9.0,7.0
4448,Konrad Laimer,Central Midfield,20,RB Salzburg,Bundesliga,RasenBallsport Leipzig,Bundesliga,2017,8.0,7.0
4449,SÃ©bastien Haller,Centre-Forward,23,FC Utrecht,Eredivisie,Eintracht Frankfurt,Bundesliga,2017,8.0,7.0
4450,Diego Llorente,Centre-Back,23,Real Madrid,La_liga,Real Sociedad,La_liga,2017,7.5,7.0
4451,Clinton N'Jie,Centre-Forward,23,Tottenham,EPL,Marseille,Ligue_1,2017,7.0,7.0
4452,Marcelo,Centre-Back,30,Besiktas,SÃ¼per Lig,Lyon,Ligue_1,2017,6.5,7.0
4453,Jorge MerÃ©,Centre-Back,20,Sporting GijÃ³n,LaLiga2,FC Cologno,Bundesliga,2017,6.0,7.0
4454,VÃ­ctor Camarasa,Central Midfield,23,Levante UD,La_liga,Real Betis,La_liga,2017,5.0,7.0
4455,Kylian Mbappe,Right Winger,19,Monaco,Ligue_1,Paris Saint Germain,Ligue_1,2018,120.0,135.0
4456,Cristiano Ronaldo,Centre-Forward,33,Real Madrid,La_liga,Juventus,Serie_A,2018,100.0,117.0
4457,Thomas Lemar,Left Winger,22,Monaco,Ligue_1,Atletico Madrid,La_liga,2018,65.0,70.0
4458,Riyad Mahrez,Right Winger,27,Leicester,EPL,Manchester City,EPL,2018,50.0,67.8
4459,Alisson,Goalkeeper,25,Roma,Serie_A,Liverpool,EPL,2018,60.0,62.5
4460,Naby KeÃ¯ta,Central Midfield,23,RasenBallsport Leipzig,Bundesliga,Liverpool,EPL,2018,65.0,60.0
4461,Fred,Central Midfield,25,Shakhtar D.,Premier Liga,Manchester United,EPL,2018,32.0,59.0
4462,Jorginho,Defensive Midfield,26,Napoli,Serie_A,Chelsea,EPL,2018,50.0,57.0
4463,Fabinho,Defensive Midfield,24,Monaco,Ligue_1,Liverpool,EPL,2018,45.0,45.0
4464,VinÃ­cius JÃºnior,Left Winger,18,Flamengo,SÃ©rie A,Real Madrid,La_liga,2018,35.0,45.0
4465,Malcom,Right Winger,21,Bordeaux,Ligue_1,Barcelona,La_liga,2018,45.0,41.0
4466,JoÃ£o Cancelo,Right-Back,24,Valencia,La_liga,Juventus,Serie_A,2018,35.0,40.4
4467,Douglas Costa,Right Winger,27,Bayern Munich,Bundesliga,Juventus,Serie_A,2018,55.0,40.0
4468,Richarlison,Left Winger,21,Watford,EPL,Everton,EPL,2018,25.0,39.2
4469,Radja Nainggolan,Central Midfield,30,Roma,Serie_A,Inter,Serie_A,2018,45.0,38.0
4470,Felipe Anderson,Right Winger,25,Lazio,Serie_A,West Ham,EPL,2018,30.0,38.0
4471,ClÃ©ment Lenglet,Centre-Back,23,Sevilla,La_liga,Barcelona,La_liga,2018,25.0,35.9
4472,Arthur,Central Midfield,21,GrÃªmio,SÃ©rie A,Barcelona,La_liga,2018,30.0,31.0
4473,Jean MichaÃ«l Seri,Central Midfield,27,Nice,Ligue_1,Fulham,EPL,2018,30.0,30.0
4474,Lucas Torreira,Defensive Midfield,22,Sampdoria,Serie_A,Arsenal,EPL,2018,30.0,30.0
4475,Aleksandr Golovin,Central Midfield,22,CSKA Moscow,Premier Liga,Monaco,Ligue_1,2018,25.0,30.0
4476,Ãlvaro Odriozola,Right-Back,22,Real Sociedad,La_liga,Real Madrid,La_liga,2018,25.0,30.0
4477,FabiÃ¡n Ruiz,Central Midfield,22,Real Betis,La_liga,Napoli,Serie_A,2018,20.0,30.0
4479,Abdou Diallo,Centre-Back,22,Mainz 05,Bundesliga,Borussia Dortmund,Bundesliga,2018,12.0,28.0
4480,Geoffrey Kondogbia,Central Midfield,25,Inter,Serie_A,Valencia,La_liga,2018,30.0,25.0
4481,Simone Verdi,Right Winger,25,Bologna,Serie_A,Napoli,Serie_A,2018,25.0,25.0
4482,Issa Diop,Centre-Back,21,Toulouse,Ligue_1,West Ham,EPL,2018,22.0,25.0
4483,Bernd Leno,Goalkeeper,26,Bayer Leverkusen,Bundesliga,Arsenal,EPL,2018,20.0,25.0
4484,Jannik Vestergaard,Centre-Back,25,Borussia M.Gladbach,Bundesliga,Southampton,EPL,2018,14.0,25.0
4485,James Maddison,Attacking Midfield,21,Norwich,Championship,Leicester,EPL,2018,10.0,25.0
4486,Javier Pastore,Attacking Midfield,29,Paris Saint Germain,Ligue_1,Roma,Serie_A,2018,15.0,24.7
4487,Yuri Berchiche,Left-Back,28,Paris Saint Germain,Ligue_1,Athletic Club,La_liga,2018,17.0,24.0
4488,Alassane PlÃ©a,Centre-Forward,25,Nice,Ligue_1,Borussia M.Gladbach,Bundesliga,2018,18.0,23.0
4489,Ricardo Pereira,Right-Back,24,FC Porto,Liga NOS,Leicester,EPL,2018,20.0,22.0
4490,Diogo Dalot,Right-Back,19,FC Porto,Liga NOS,Manchester United,EPL,2018,15.0,22.0
4491,Alex Meret,Goalkeeper,21,Udinese,Serie_A,Napoli,Serie_A,2018,12.0,22.0
4492,Lucas Digne,Left-Back,25,Barcelona,La_liga,Everton,EPL,2018,15.0,20.2
4493,Aleksandar Mitrovic,Centre-Forward,23,Newcastle United,EPL,Fulham,EPL,2018,15.0,20.2
4494,William Carvalho,Defensive Midfield,26,Sporting CP,Liga NOS,Real Betis,La_liga,2018,25.0,20.0
4495,Rodri,Defensive Midfield,22,Villarreal,La_liga,Atletico Madrid,La_liga,2018,25.0,20.0
4496,Andriy Yarmolenko,Right Winger,28,Borussia Dortmund,Bundesliga,West Ham,EPL,2018,23.0,20.0
4497,Gerard Moreno,Centre-Forward,26,Espanyol,La_liga,Villarreal,La_liga,2018,20.0,20.0
4498,Nikola Kalinic,Centre-Forward,30,Fiorentina,Serie_A,AC Milan,Serie_A,2018,14.0,20.0
4499,Thomas Delaney,Central Midfield,26,Werder Bremen,Bundesliga,Borussia Dortmund,Bundesliga,2018,12.0,20.0
4500,Rolando Mandragora,Central Midfield,21,Juventus,Serie_A,Udinese,Serie_A,2018,10.0,20.0
4501,Terence Kongolo,Centre-Back,24,Monaco,Ligue_1,Huddersfield,EPL,2018,10.0,20.0
4502,Willem Geubbels,Left Winger,16,Lyon,Ligue_1,Monaco,Ligue_1,2018,6.0,20.0
4503,Alireza Jahanbakhsh,Right Winger,24,AZ Alkmaar,Eredivisie,Brighton,EPL,2018,18.0,19.0
4504,Duje Caleta-Car,Centre-Back,21,RB Salzburg,Bundesliga,Marseille,Ligue_1,2018,10.0,19.0
4505,Paulinho,Left Winger,18,Vasco da Gama,SÃ©rie A,Bayer Leverkusen,Bundesliga,2018,25.0,18.5
4506,Karl Toko Ekambi,Centre-Forward,25,SCO Angers,Ligue_1,Villarreal,La_liga,2018,18.0,18.0
4507,Mohamed Elyounoussi,Left Winger,23,FC Basel,Super League,Southampton,EPL,2018,8.5,18.0
4508,Justin Kluivert,Left Winger,19,AFC Ajax,Eredivisie,Roma,Serie_A,2018,15.0,17.25
4509,DuvÃ¡n Zapata,Centre-Forward,27,Napoli,Serie_A,Sampdoria,Serie_A,2018,20.0,17.0
4510,Yves Bissouma,Central Midfield,21,Lille,Ligue_1,Brighton,EPL,2018,8.0,16.9
4511,Lautaro MartÃ­nez,Centre-Forward,20,Racing Club,Primera DivisiÃ³n,Inter,Serie_A,2018,25.0,16.0
4512,Sokratis,Centre-Back,30,Borussia Dortmund,Bundesliga,Arsenal,EPL,2018,20.0,16.0
4514,Nordi Mukiele,Right-Back,20,Montpellier,Ligue_1,RasenBallsport Leipzig,Bundesliga,2018,14.0,16.0
4515,Joris Gnagnon,Centre-Back,21,Rennes,Ligue_1,Sevilla,La_liga,2018,15.0,15.0
4516,JoaquÃ­n Correa,Left Winger,23,Sevilla,La_liga,Lazio,Serie_A,2018,10.0,15.0
4517,GrÃ©goire Defrel,Centre-Forward,27,Sassuolo,Serie_A,Roma,Serie_A,2018,10.0,15.0
4518,Mouctar Diakhaby,Centre-Back,21,Lyon,Ligue_1,Valencia,La_liga,2018,10.0,15.0
4519,Ibrahim Amadou,Defensive Midfield,25,Lille,Ligue_1,Sevilla,La_liga,2018,3.5,15.0
4521,Matheus Cunha,Centre-Forward,19,FC Sion,Super League,RasenBallsport Leipzig,Bundesliga,2018,1.5,15.0
4522,Roger MartÃ­nez,Centre-Forward,24,JS Suning,Super League,Villarreal,La_liga,2018,2.5,14.9
4523,Xherdan Shaqiri,Right Winger,26,Stoke,Championship,Liverpool,EPL,2018,18.0,14.7
4525,Diogo Jota,Left Winger,21,Atletico Madrid,La_liga,Wolverhampton Wanderers,EPL,2018,12.0,14.0
4526,Daniel Ginczek,Centre-Forward,27,VfB Stuttgart,Bundesliga,Wolfsburg,Bundesliga,2018,3.5,14.0
4527,Jean-Eudes Aholou,Defensive Midfield,24,R. Strasbourg,Ligue_1,Monaco,Ligue_1,2018,3.0,14.0
4528,Danny Ward,Goalkeeper,25,Liverpool,EPL,Leicester,EPL,2018,2.5,14.0
4529,Davy Klaassen,Attacking Midfield,25,Everton,EPL,Werder Bremen,Bundesliga,2018,15.0,13.5
4531,Gerard Deulofeu,Right Winger,24,Barcelona,La_liga,Watford,EPL,2018,14.0,13.0
4532,Mattia Perin,Goalkeeper,25,Genoa,Serie_A,Juventus,Serie_A,2018,16.0,12.0
4533,Mitchell Weiser,Right-Back,24,Hertha Berlin,Bundesliga,Bayer Leverkusen,Bundesliga,2018,12.0,12.0
4534,M'Baye Niang,Centre-Forward,23,AC Milan,Serie_A,Torino,Serie_A,2018,10.0,12.0
4535,Mikel Merino,Defensive Midfield,22,Newcastle United,EPL,Real Sociedad,La_liga,2018,10.0,12.0
4536,Willy Boly,Centre-Back,27,FC Porto,Liga NOS,Wolverhampton Wanderers,EPL,2018,5.0,12.0
4537,Marcelo Saracchi,Left-Back,20,River Plate,Primera DivisiÃ³n,RasenBallsport Leipzig,Bundesliga,2018,4.5,12.0
4538,Diego Rico,Left-Back,25,CD LeganÃ©s,La_liga,Bournemouth,EPL,2018,2.5,12.0
4540,Benik Afobe,Centre-Forward,25,Bournemouth,EPL,Wolverhampton Wanderers,EPL,2018,10.0,11.4
4541,Josh Murphy,Left Winger,23,Norwich,Championship,Cardiff,EPL,2018,1.5,11.4
4542,Bobby Reid,Attacking Midfield,25,Bristol City,Championship,Cardiff,EPL,2018,3.0,11.35
4543,David Brooks,Attacking Midfield,20,Sheffield Utd.,Championship,Bournemouth,EPL,2018,5.0,11.3
4544,Angus Gunn,Goalkeeper,22,Manchester City,EPL,Southampton,EPL,2018,2.0,11.3
4546,Santiago Arias,Right-Back,26,PSV Eindhoven,Eredivisie,Atletico Madrid,La_liga,2018,18.0,11.0
4547,Suat Serdar,Central Midfield,21,Mainz 05,Bundesliga,Schalke 04,Bundesliga,2018,7.5,11.0
4548,Gianluca Lapadula,Centre-Forward,28,AC Milan,Serie_A,Genoa,Serie_A,2018,7.0,11.0
4549,Wout Weghorst,Centre-Forward,25,AZ Alkmaar,Eredivisie,Wolfsburg,Bundesliga,2018,7.0,10.5
4552,Jordan Amavi,Left-Back,24,Aston Villa,Championship,Marseille,Ligue_1,2018,16.0,10.0
4553,Francesco Acerbi,Centre-Back,30,Sassuolo,Serie_A,Lazio,Serie_A,2018,10.0,10.0
4554,Leonardo Pavoletti,Centre-Forward,29,Napoli,Serie_A,Cagliari,Serie_A,2018,9.0,10.0
4556,Soualiho MeÃ¯tÃ©,Defensive Midfield,24,Monaco,Ligue_1,Torino,Serie_A,2018,8.0,10.0
4557,Omar Mascarell,Defensive Midfield,25,Real Madrid,La_liga,Schalke 04,Bundesliga,2018,8.0,10.0
4558,Danilo,Defensive Midfield,22,Braga,Liga NOS,Nice,Ligue_1,2018,7.0,10.0
4559,Santiago CÃ¡seres,Defensive Midfield,21,VÃ©lez Sarsfield,Primera DivisiÃ³n,Villarreal,La_liga,2018,6.0,10.0
4560,Bernardo,Left-Back,23,RasenBallsport Leipzig,Bundesliga,Brighton,EPL,2018,6.0,10.0
4561,Adama Diakhaby,Centre-Forward,22,Monaco,Ligue_1,Huddersfield,EPL,2018,5.0,10.0
4562,PelÃ©,Defensive Midfield,26,Rio Ave FC,Liga NOS,Monaco,Ligue_1,2018,4.0,10.0
4563,Diego Falcinelli,Centre-Forward,27,Sassuolo,Serie_A,Bologna,Serie_A,2018,3.8,10.0
4564,Antonio Barreca,Left-Back,23,Torino,Serie_A,Monaco,Ligue_1,2018,3.5,10.0
4565,Federico Di Francesco,Right Winger,24,Bologna,Serie_A,Sassuolo,Serie_A,2018,3.5,10.0
4566,Borja Iglesias,Centre-Forward,25,Celta Vigo,La_liga,Espanyol,La_liga,2018,1.0,10.0
4567,Alphonso Davies,Left Winger,18,Vancouver, Canada,Bayern Munich,Bundesliga,2018,0.8,10.0
4568,Davide Santon,Left-Back,27,Inter,Serie_A,Roma,Serie_A,2018,3.0,9.5
4569,Patrik Schick,Centre-Forward,22,Sampdoria,Serie_A,Roma,Serie_A,2018,20.0,9.0
4570,GermÃ¡n Pezzella,Centre-Back,27,Real Betis,La_liga,Fiorentina,Serie_A,2018,13.0,9.0
4571,Ramiro Funes Mori,Centre-Back,27,Everton,EPL,Villarreal,La_liga,2018,10.0,9.0
4572,Pablo Maffeo,Right-Back,20,Manchester City,EPL,VfB Stuttgart,Bundesliga,2018,10.0,9.0
4573,Riccardo Saponara,Attacking Midfield,26,Empoli,Serie_A,Fiorentina,Serie_A,2018,9.0,9.0
4574,Khouma Babacar,Centre-Forward,25,Fiorentina,Serie_A,Sassuolo,Serie_A,2018,8.0,9.0
4575,Lukasz Skorupski,Goalkeeper,27,Roma,Serie_A,Bologna,Serie_A,2018,7.0,9.0
4576,Jordan Siebatcheu,Centre-Forward,22,Reims,Ligue_1,Rennes,Ligue_1,2018,2.5,9.0
4577,Antonino La Gumina,Centre-Forward,22,Palermo,Serie B,Empoli,Serie_A,2018,2.0,9.0
4580,Alban Lafont,Goalkeeper,19,Toulouse,Ligue_1,Fiorentina,Serie_A,2018,18.0,8.5
4581,NicÃ³las GonzÃ¡lez,Centre-Forward,20,Argentinos,Primera DivisiÃ³n,VfB Stuttgart,Bundesliga,2018,5.0,8.5
4582,Andriy Lunin,Goalkeeper,19,Zorya Lugansk,Premier Liga,Real Madrid,La_liga,2018,3.5,8.5
4585,Robin Olsen,Goalkeeper,28,FC Copenhagen,Superligaen,Roma,Serie_A,2018,2.5,8.5
4587,Tanguy NdombÃ©lÃ©,Central Midfield,21,SC Amiens,Ligue_1,Lyon,Ligue_1,2018,25.0,8.0
4588,Sergi Darder,Central Midfield,24,Lyon,Ligue_1,Espanyol,La_liga,2018,11.0,8.0
4589,Kasim Adams,Centre-Back,23,BSC Young Boys,Super League,Hoffenheim,Bundesliga,2018,8.5,8.0
4590,Armando Izzo,Centre-Back,26,Genoa,Serie_A,Torino,Serie_A,2018,8.5,8.0
4591,Cristiano Piccini,Right-Back,25,Sporting CP,Liga NOS,Valencia,La_liga,2018,7.5,8.0
4592,Ignacio Pussetto,Right Winger,22,HuracÃ¡n,Primera DivisiÃ³n,Udinese,Serie_A,2018,7.0,8.0
4595,Lukasz Fabianski,Goalkeeper,33,Swansea,Championship,West Ham,EPL,2018,5.0,8.0
4598,MattÃ©o Guendouzi,Central Midfield,19,FC Lorient,Ligue 2,Arsenal,EPL,2018,2.5,8.0
4599,Jean-Philippe Mateta,Centre-Forward,21,Lyon,Ligue_1,Mainz 05,Bundesliga,2018,2.5,8.0
4600,Fran BeltrÃ¡n,Central Midfield,19,Rayo Vallecano,La_liga,Celta Vigo,La_liga,2018,2.0,8.0
4601,Stuart Armstrong,Central Midfield,26,Celtic,Premiership,Southampton,EPL,2018,2.0,7.95
4603,Omar Colley,Centre-Back,25,KRC Genk,Jupiler Pro League,Sampdoria,Serie_A,2018,5.0,7.75
4604,Valon Berisha,Left Midfield,25,RB Salzburg,Bundesliga,Lazio,Serie_A,2018,10.0,7.5
4605,Andrea Favilli,Centre-Forward,21,Ascoli,Serie B,Juventus,Serie_A,2018,4.0,7.5
4606,Pierre Kunde,Central Midfield,22,Atletico Madrid,La_liga,Mainz 05,Bundesliga,2018,2.0,7.5
4607,Federico Valietti,Right-Back,19,Inter,Serie_A,Genoa,Serie_A,2018,0.5,7.5
4610,Salif SanÃ©,Centre-Back,27,Hannover 96,Bundesliga,Schalke 04,Bundesliga,2018,18.0,7.0
4611,Jonny Castro,Left-Back,24,Celta Vigo,La_liga,Atletico Madrid,La_liga,2018,12.0,7.0
4612,Wahbi Khazri,Attacking Midfield,27,Sunderland,League One,Saint-Etienne,Ligue_1,2018,10.0,7.0
4613,Mikel Merino,Defensive Midfield,22,Borussia Dortmund,Bundesliga,Newcastle United,EPL,2018,10.0,7.0
4614,Marcel Tisserand,Centre-Back,25,FC Ingolstadt,2.Bundesliga,Wolfsburg,Bundesliga,2018,7.5,7.0
4615,Tomas Vaclik,Goalkeeper,29,FC Basel,Super League,Sevilla,La_liga,2018,4.0,7.0
4616,NÃ©stor Araujo,Centre-Back,26,Santos Laguna,Liga MX Apertura,Celta Vigo,La_liga,2018,2.8,7.0
4617,Federico Dimarco,Left-Back,20,FC Sion,Super League,Inter,Serie_A,2018,2.0,7.0
4618,Davide Bettella,Centre-Back,18,Inter,Serie_A,Atalanta,Serie_A,2018,,7.0
4622,Valentino Lazaro,Right Winger,22,RB Salzburg,Bundesliga,Hertha Berlin,Bundesliga,2018,9.0,6.5
4623,Lucas Castro,Central Midfield,29,Chievo Verona,Serie_A,Cagliari,Serie_A,2018,7.0,6.5
4624,Ramadan Sobhi,Left Winger,21,Stoke,Championship,Huddersfield,EPL,2018,7.0,6.5
4626,Riza Durmisi,Left-Back,24,Real Betis,La_liga,Lazio,Serie_A,2018,5.0,6.5
4627,Ronaldo Vieira,Central Midfield,20,Leeds,Championship,Sampdoria,Serie_A,2018,2.0,6.5
4629,Daniel Wass,Central Midfield,29,Celta Vigo,La_liga,Valencia,La_liga,2018,15.0,6.0
4630,TomÃ¡s RincÃ³n,Defensive Midfield,30,Juventus,Serie_A,Torino,Serie_A,2018,8.0,6.0
4631,Ante Coric,Attacking Midfield,21,Dinamo Zagreb,1.HNL,Roma,Serie_A,2018,7.5,6.0
4632,Okay Yokuslu,Defensive Midfield,24,Trabzonspor,SÃ¼per Lig,Celta Vigo,La_liga,2018,7.5,6.0
4633,Roque Mesa,Central Midfield,29,Swansea,Championship,Sevilla,La_liga,2018,7.0,6.0
4634,Leonardo Bittencourt,Left Winger,24,FC Cologno,2.Bundesliga,Hoffenheim,Bundesliga,2018,6.0,6.0
4636,Florin Andone,Centre-Forward,25,Deportivo La Coruna,LaLiga2,Brighton,EPL,2018,6.0,6.0
4637,Moussa NiakhatÃ©,Centre-Back,22,FC Metz,Ligue 2,Mainz 05,Bundesliga,2018,5.0,6.0
4639,Walace,Defensive Midfield,23,Hamburger SV,2.Bundesliga,Hannover 96,Bundesliga,2018,4.5,6.0
4640,RonaÃ«l Pierre-Gabriel,Right-Back,20,Saint-Etienne,Ligue_1,Monaco,Ligue_1,2018,4.0,6.0
4641,Fabri,Goalkeeper,30,Besiktas,SÃ¼per Lig,Fulham,EPL,2018,4.0,6.0
4645,Federico Santander,Centre-Forward,27,FC Copenhagen,Superligaen,Bologna,Serie_A,2018,2.0,6.0
4646,Borna Sosa,Left-Back,20,Dinamo Zagreb,1.HNL,VfB Stuttgart,Bundesliga,2018,1.75,6.0
4648,William Bianda,Centre-Back,18,Lens,Ligue 2,Roma,Serie_A,2018,,6.0
4651,Bremer,Centre-Back,21,AtlÃ©tico-MG,SÃ©rie A,Torino,Serie_A,2018,1.0,5.8
4655,JoÃ£o Moutinho,Central Midfield,31,Monaco,Ligue_1,Wolverhampton Wanderers,EPL,2018,10.0,5.6
4657,Vincenzo Grifo,Left Winger,25,Borussia M.Gladbach,Bundesliga,Hoffenheim,Bundesliga,2018,7.5,5.5
4658,Fabio Borini,Left Winger,27,Sunderland,League One,AC Milan,Serie_A,2018,7.0,5.5
4659,Ishak Belfodil,Second Striker,26,Standard LiÃ¨ge,Jupiler Pro League,Hoffenheim,Bundesliga,2018,5.5,5.5
4668,Bryan Cristante,Central Midfield,23,Benfica,Liga NOS,Atalanta,Serie_A,2018,25.0,5.0
4669,Marius Wolf,Right Midfield,23,Eintracht Frankfurt,Bundesliga,Borussia Dortmund,Bundesliga,2018,10.0,5.0
4671,Gonzalo Castro,Central Midfield,31,Borussia Dortmund,Bundesliga,VfB Stuttgart,Bundesliga,2018,8.0,5.0
4672,Sergi GÃ³mez,Centre-Back,26,Celta Vigo,La_liga,Sevilla,La_liga,2018,8.0,5.0
4673,Adam Masina,Left-Back,24,Bologna,Serie_A,Watford,EPL,2018,7.0,5.0
4674,Christophe HÃ©relle,Centre-Back,25,Troyes,Ligue 2,Nice,Ligue_1,2018,6.0,5.0
4675,Firmin Mubele,Centre-Forward,24,Rennes,Ligue_1,Toulouse,Ligue_1,2018,6.0,5.0
4676,Florent Hadergjonaj,Right-Back,23,FC Ingolstadt,2.Bundesliga,Huddersfield,EPL,2018,5.0,5.0
4677,Nemanja Maksimovic,Central Midfield,23,Valencia,La_liga,Getafe,La_liga,2018,5.0,5.0
4681,Johan Mojica,Left-Back,25,Rayo Vallecano,La_liga,Girona,La_liga,2018,4.0,5.0
4683,Christian KouamÃ©,Centre-Forward,20,Cittadella,Serie B,Genoa,Serie_A,2018,2.8,5.0
4684,Luca Waldschmidt,Centre-Forward,22,Hamburger SV,2.Bundesliga,Freiburg,Bundesliga,2018,2.5,5.0
4685,Marc Muniesa,Centre-Back,26,Stoke,Championship,Girona,La_liga,2018,2.5,5.0
4687,Felipe Vizeu,Centre-Forward,21,Flamengo,SÃ©rie A,Udinese,Serie_A,2018,1.5,5.0
4688,Marco Tumminello,Centre-Forward,19,Roma,Serie_A,Atalanta,Serie_A,2018,1.0,5.0
4689,Jens Odgaard,Centre-Forward,19,Inter,Serie_A,Sassuolo,Serie_A,2018,0.8,5.0
4690,Marco Carraro,Defensive Midfield,20,Inter,Serie_A,Atalanta,Serie_A,2018,0.8,5.0
4691,Jonathan IkonÃ©,Attacking Midfield,20,Paris Saint Germain,Ligue_1,Lille,Ligue_1,2018,0.7,5.0
4692,Giangiacomo Magnani,Centre-Back,22,Juventus,Serie_A,Sassuolo,Serie_A,2018,0.6,5.0
4693,Giangiacomo Magnani,Centre-Back,22,Perugia,Serie B,Juventus,Serie_A,2018,0.6,5.0
4694,Evan N'Dicka,Centre-Back,18,AJ Auxerre,Ligue 2,Eintracht Frankfurt,Bundesliga,2018,0.4,5.0
4695,Jasmin Kurtic,Attacking Midfield,29,Atalanta,Serie_A,SPAL 2013,Serie_A,2018,5.0,4.8
4698,Yuya Osako,Second Striker,28,FC Cologno,2.Bundesliga,Werder Bremen,Bundesliga,2018,4.5,4.5
